"","V1","V2","V3","V4","V5","V6","V7","V8","V9","V10","V11","V12","V13","V14","V15","V16"
"1",8,11,6,10,13,9,7,5,12,2,4,3,14,15,1,16
"2",9,10,11,6,7,5,8,13,12,2,4,3,14,15,16,1
"3",7,12,10,9,11,8,6,2,5,14,13,4,3,15,16,1
"4",7,9,8,11,10,5,6,12,13,4,14,3,15,16,2,1
"5",8,5,10,11,9,12,7,6,13,14,4,3,15,2,1,16
"6",10,9,7,12,5,8,6,13,11,4,3,14,2,1,15,16
"7",9,6,11,13,10,8,4,7,14,5,12,3,15,2,16,1
"8",8,7,4,11,9,12,10,6,5,15,14,13,3,2,16,1
"9",9,8,6,10,7,12,11,13,4,5,3,15,14,2,1,16
"10",7,11,9,6,10,8,12,5,4,15,13,2,3,14,1,16
"11",10,6,7,13,8,12,9,5,11,14,15,3,4,2,16,1
"12",9,4,10,6,7,5,12,8,11,14,13,15,3,2,1,16
"13",11,9,7,12,8,4,10,13,5,6,14,15,3,2,1,16
"14",9,10,13,8,7,11,5,12,6,4,2,3,14,15,16,1
"15",8,11,12,7,10,9,6,5,4,3,13,2,14,15,16,1
"16",8,7,12,6,9,10,4,11,5,13,3,14,16,1,2,15
"17",9,4,8,6,11,7,5,13,12,10,3,14,2,15,16,1
"18",8,5,11,7,9,4,10,12,13,14,6,3,1,15,2,16
"19",8,12,11,10,13,9,7,6,5,4,2,3,14,15,16,1
"20",4,8,9,6,10,7,11,12,14,5,13,3,2,15,16,1
"21",7,9,10,5,8,6,14,11,12,4,3,13,15,2,16,1
"22",8,6,3,4,9,7,11,12,10,13,5,2,14,15,16,1
"23",10,12,9,8,6,7,5,11,16,14,13,15,4,3,2,1
"24",8,10,9,12,6,7,11,4,5,13,2,14,3,15,16,1
"25",10,4,7,9,8,5,6,12,3,11,2,15,13,16,14,1
"26",10,6,11,9,7,8,13,5,12,4,3,15,14,2,1,16
"27",7,8,9,4,12,10,5,6,11,2,13,14,3,15,16,1
"28",9,11,8,6,10,7,12,5,13,2,3,14,4,15,1,16
"29",11,9,7,10,6,8,4,5,12,13,14,2,3,15,16,1
"30",7,10,4,11,8,5,9,6,14,3,12,13,15,1,2,16
"31",6,7,8,9,10,12,5,13,16,11,4,14,3,2,15,1
"32",9,10,6,11,8,7,13,5,12,4,3,2,14,16,15,1
"33",10,5,6,9,12,7,11,8,4,13,14,2,15,3,16,1
"34",6,10,8,5,13,12,9,11,7,2,4,3,1,14,15,16
"35",5,11,7,8,9,10,6,12,14,4,13,3,2,1,15,16
"36",12,8,6,5,10,11,9,7,13,4,16,14,2,15,3,1
"37",12,8,10,9,6,7,5,11,13,15,4,3,2,14,1,16
"38",8,6,7,9,11,10,5,12,4,13,14,3,2,15,16,1
"39",5,11,8,9,6,13,12,10,7,14,4,3,2,15,1,16
"40",10,9,8,6,12,7,5,11,4,13,14,3,2,15,16,1
"41",7,10,6,8,11,9,5,13,12,4,14,3,2,15,1,16
"42",9,8,11,7,6,5,12,4,10,13,14,2,3,15,16,1
"43",8,6,5,7,9,10,11,14,12,4,13,3,2,16,15,1
"44",10,7,6,9,8,12,13,4,11,5,15,14,3,2,1,16
"45",10,8,11,9,6,3,7,13,5,12,4,14,2,1,15,16
"46",9,5,15,8,10,11,6,7,12,13,4,14,3,1,2,16
"47",8,7,9,5,10,6,11,12,4,13,15,3,14,2,16,1
"48",4,9,12,8,6,10,5,7,11,13,3,2,14,15,16,1
"49",8,5,6,10,7,9,11,13,12,4,14,3,2,15,1,16
"50",8,10,13,7,11,5,9,6,4,3,12,14,16,2,15,1
"51",7,9,8,10,11,14,6,12,5,4,3,13,15,2,16,1
"52",8,9,6,5,10,12,7,11,4,13,3,14,2,15,1,16
"53",9,7,10,13,12,6,8,11,5,15,4,3,14,2,1,16
"54",9,10,11,8,5,6,7,12,14,13,4,3,15,2,1,16
"55",5,9,8,11,10,6,7,3,12,4,14,13,15,2,1,16
"56",9,8,11,12,6,7,13,10,5,4,3,15,14,2,16,1
"57",2,9,10,7,8,6,11,5,12,4,13,14,3,15,1,16
"58",7,11,8,6,10,5,9,12,13,4,14,15,3,2,16,1
"59",6,10,9,4,7,8,12,11,5,13,14,3,2,15,1,16
"60",8,5,7,10,6,12,9,4,13,11,15,3,14,2,16,1
"61",9,10,11,6,8,12,7,5,4,13,3,14,2,15,1,16
"62",8,5,10,6,7,12,9,4,3,11,13,14,16,1,15,2
"63",8,7,9,11,5,10,6,12,13,4,3,15,16,2,14,1
"64",10,7,11,8,6,13,5,4,9,12,3,14,15,16,2,1
"65",11,12,6,10,8,7,9,14,4,5,13,3,15,2,16,1
"66",7,8,9,11,6,12,5,10,4,14,3,2,13,15,1,16
"67",10,8,11,6,9,5,7,12,4,14,13,3,15,2,16,1
"68",8,9,6,7,12,10,11,4,13,5,14,3,16,15,2,1
"69",9,6,10,7,5,8,13,11,12,3,4,14,2,15,16,1
"70",9,10,8,5,7,6,12,13,11,14,4,3,15,2,16,1
"71",8,10,9,12,11,7,6,4,5,13,3,14,15,2,16,1
"72",10,9,7,8,11,12,5,13,6,14,4,15,3,16,2,1
"73",8,7,9,6,11,10,5,13,14,12,3,4,15,2,16,1
"74",7,10,8,12,9,11,5,6,13,4,14,2,3,16,15,1
"75",10,14,9,7,8,6,12,11,13,5,4,15,3,2,16,1
"76",7,8,9,6,10,13,11,5,12,2,3,4,14,1,15,16
"77",10,6,9,8,11,5,7,4,13,12,3,14,15,2,1,16
"78",9,10,11,6,8,12,13,7,4,14,5,2,3,16,15,1
"79",8,4,10,12,7,11,9,14,5,6,3,15,13,2,1,16
"80",8,9,12,7,10,6,13,5,11,4,14,3,15,2,1,16
"81",10,11,9,8,6,13,7,5,4,12,14,3,15,1,2,16
"82",7,9,8,10,11,13,6,12,5,14,15,4,3,2,16,1
"83",11,8,10,6,9,7,5,14,12,13,4,3,2,15,16,1
"84",9,10,7,11,5,6,12,8,2,14,4,13,15,3,16,1
"85",7,9,8,6,10,14,11,5,12,13,4,3,2,15,1,16
"86",10,7,8,9,6,11,13,4,12,3,5,15,14,1,16,2
"87",6,12,9,8,7,10,13,11,5,4,3,14,15,1,2,16
"88",11,6,9,7,8,10,5,12,4,13,2,14,15,3,1,16
"89",8,5,7,10,11,12,9,13,6,4,14,3,2,15,1,16
"90",6,10,9,5,11,8,13,7,12,4,3,15,14,2,16,1
"91",7,8,9,6,10,13,5,12,11,3,14,4,15,2,16,1
"92",11,5,7,9,8,10,6,13,12,14,4,2,3,15,1,16
"93",8,9,12,6,10,7,11,13,5,4,2,3,14,15,16,1
"94",10,9,8,12,5,15,7,6,11,13,4,2,14,3,16,1
"95",6,7,8,11,10,9,5,12,4,2,3,14,13,15,16,1
"96",7,5,6,8,11,10,9,13,12,14,3,4,15,2,16,1
"97",6,4,9,8,5,10,13,7,12,11,3,14,2,15,16,1
"98",8,12,9,7,15,10,13,5,4,6,11,14,2,3,16,1
"99",10,6,8,9,5,11,7,12,14,4,13,3,2,15,1,16
"100",9,7,10,8,12,11,4,5,13,6,2,3,14,15,16,1
"101",11,7,12,9,5,10,8,6,13,4,14,3,2,15,16,1
"102",5,6,9,10,7,8,11,13,12,14,2,3,15,4,16,1
"103",9,8,7,10,4,11,5,6,13,12,14,3,15,2,1,16
"104",9,10,8,6,7,12,11,4,13,14,5,3,15,2,1,16
"105",8,10,11,7,12,6,9,5,13,4,14,15,3,2,16,1
"106",9,7,11,5,6,10,8,12,13,4,15,2,3,14,1,16
"107",4,9,10,7,6,8,12,5,11,13,15,14,3,16,2,1
"108",9,8,7,12,10,11,6,5,13,3,15,4,14,16,2,1
"109",5,11,7,9,8,10,6,12,3,4,13,15,14,2,16,1
"110",6,8,9,5,7,11,10,12,3,13,4,14,2,15,1,16
"111",7,8,9,5,6,12,10,4,11,14,13,2,3,15,1,16
"112",8,9,11,7,10,12,6,3,5,1,13,4,14,15,2,16
"113",5,7,8,12,11,10,6,9,15,4,13,14,3,2,16,1
"114",9,8,11,7,6,13,12,10,5,4,3,14,2,15,16,1
"115",5,11,7,9,8,4,10,6,12,14,2,13,3,1,16,15
"116",8,10,11,9,7,6,13,14,5,4,12,3,2,16,15,1
"117",8,11,6,5,12,7,10,9,4,13,14,2,3,15,1,16
"118",9,10,8,7,3,5,12,11,13,14,6,4,2,15,1,16
"119",12,9,11,7,8,6,10,16,5,13,4,2,14,15,3,1
"120",11,9,7,10,8,12,5,6,13,3,4,14,1,2,15,16
"121",11,9,5,8,10,7,6,14,12,13,4,3,15,2,16,1
"122",6,7,9,10,8,12,13,4,5,11,14,2,3,16,15,1
"123",7,4,9,11,8,10,13,12,6,5,14,3,2,15,16,1
"124",6,9,11,13,5,8,10,7,4,12,14,15,3,2,1,16
"125",8,12,9,7,4,11,13,6,3,10,2,5,15,14,16,1
"126",7,10,13,9,8,3,11,12,4,6,5,2,14,15,1,16
"127",7,4,8,9,12,10,6,11,5,13,3,15,14,2,1,16
"128",9,8,7,10,12,5,13,11,6,4,3,2,15,14,16,1
"129",10,8,6,4,7,5,9,13,11,12,3,2,1,14,15,16
"130",7,5,12,11,8,6,10,9,3,15,14,4,13,2,1,16
"131",11,8,5,9,6,7,10,12,3,13,2,4,14,15,16,1
"132",11,8,10,6,2,7,9,14,4,5,12,13,3,15,1,16
"133",10,7,11,8,12,6,14,5,9,4,3,13,16,2,15,1
"134",9,11,8,5,10,7,6,13,12,4,14,2,3,15,16,1
"135",7,11,6,12,8,9,5,4,10,13,14,3,15,2,1,16
"136",9,8,7,12,6,5,11,10,13,3,4,14,2,15,16,1
"137",7,8,9,11,6,12,10,13,2,4,5,14,16,15,3,1
"138",9,7,10,4,6,12,5,8,13,11,14,3,2,15,1,16
"139",10,8,9,7,6,12,11,4,13,5,3,14,16,2,15,1
"140",8,12,10,11,6,7,9,4,5,13,16,15,14,3,2,1
"141",9,8,10,6,11,7,5,12,14,13,2,4,3,15,1,16
"142",9,8,11,10,5,6,7,14,12,4,13,2,3,1,16,15
"143",9,6,7,4,8,10,11,5,3,13,12,14,2,15,1,16
"144",9,5,6,13,8,7,12,11,10,4,3,15,14,16,1,2
"145",10,9,6,8,11,7,4,12,5,13,14,3,15,2,16,1
"146",8,12,10,5,9,7,6,11,4,3,16,13,14,2,15,1
"147",8,15,7,9,10,11,12,6,5,13,4,14,3,2,1,16
"148",10,6,4,12,8,5,11,9,7,13,14,3,15,1,2,16
"149",6,9,12,8,11,5,10,7,13,4,3,14,15,2,1,16
"150",5,7,9,10,8,6,14,12,4,11,3,15,13,16,2,1
"151",8,9,5,10,11,7,6,12,2,3,4,13,14,15,16,1
"152",8,9,7,10,11,13,6,4,5,12,14,15,1,3,2,16
"153",9,6,8,5,12,7,10,4,11,3,13,14,2,16,15,1
"154",8,9,7,12,10,5,11,6,13,14,2,4,3,15,1,16
"155",6,8,13,9,4,7,11,10,12,5,3,14,2,16,15,1
"156",6,9,10,4,8,7,11,12,5,13,2,3,15,14,1,16
"157",9,8,11,10,13,6,7,12,5,3,4,14,1,2,15,16
"158",8,10,13,9,15,12,7,11,5,6,14,3,4,2,16,1
"159",10,8,9,11,6,7,4,5,13,12,15,3,14,2,1,16
"160",11,6,10,9,7,8,4,5,13,3,12,2,14,15,1,16
"161",9,7,8,6,11,10,3,12,5,13,4,14,15,2,16,1
"162",10,7,5,12,11,6,4,8,13,9,14,3,2,16,15,1
"163",10,8,6,5,9,7,12,14,11,3,4,13,15,2,1,16
"164",10,6,7,9,8,5,12,11,14,13,4,3,2,15,1,16
"165",8,7,10,14,9,11,6,4,13,3,5,12,15,2,16,1
"166",6,7,8,9,11,10,12,4,13,3,5,14,2,15,16,1
"167",10,6,8,9,11,12,3,5,7,13,14,4,2,15,16,1
"168",8,9,13,10,12,11,4,7,6,5,14,3,15,2,1,16
"169",11,7,10,9,8,13,4,12,6,5,14,2,3,16,15,1
"170",8,12,7,9,13,11,10,6,4,5,14,1,15,3,16,2
"171",9,11,8,10,7,12,6,13,5,3,4,2,14,15,16,1
"172",8,4,10,7,9,13,11,12,6,5,15,14,3,16,1,2
"173",6,8,10,5,7,11,12,9,13,14,4,15,3,16,1,2
"174",4,5,10,7,9,8,12,6,11,13,3,14,15,2,1,16
"175",10,8,7,9,13,11,6,5,12,3,4,14,15,2,1,16
"176",4,8,6,7,11,10,5,9,12,13,14,3,15,2,16,1
"177",12,9,10,11,6,8,7,13,5,4,14,1,3,2,16,15
"178",9,8,10,7,5,14,4,12,11,6,1,15,2,13,3,16
"179",7,11,8,9,12,3,10,13,6,15,4,5,2,14,16,1
"180",9,7,10,5,8,11,6,12,4,13,3,14,2,15,16,1
"181",6,8,7,11,13,12,10,9,14,3,4,5,15,1,2,16
"182",8,10,7,9,4,6,11,5,12,13,15,14,3,2,16,1
"183",7,8,9,12,6,13,10,11,4,5,15,14,3,2,1,16
"184",11,12,9,7,8,10,6,5,4,14,13,2,15,3,16,1
"185",10,13,9,11,8,7,6,12,3,15,14,5,4,2,1,16
"186",10,8,9,7,6,5,14,12,11,4,3,13,15,2,1,16
"187",5,7,6,8,12,10,4,9,13,14,3,11,15,2,16,1
"188",10,11,13,9,12,7,8,4,3,6,14,5,15,16,2,1
"189",8,7,10,16,6,11,12,9,15,13,5,4,14,3,1,2
"190",9,4,10,8,5,7,6,11,12,13,3,15,14,2,1,16
"191",9,8,7,6,10,5,11,13,12,1,4,3,2,14,15,16
"192",8,7,11,10,14,13,9,6,4,12,5,3,15,16,2,1
"193",4,7,10,8,5,9,6,15,11,12,13,2,14,3,16,1
"194",10,11,15,8,12,9,7,6,5,3,4,13,14,2,16,1
"195",8,10,6,12,4,9,7,11,14,13,5,3,15,2,1,16
"196",8,10,11,5,7,6,9,13,12,4,14,2,15,3,16,1
"197",7,9,8,5,11,10,6,12,13,4,3,14,15,2,1,16
"198",9,7,10,6,5,8,11,12,4,13,15,14,1,3,2,16
"199",7,6,11,9,12,10,8,5,4,13,3,14,15,2,16,1
"200",11,9,7,6,10,5,14,8,12,4,13,16,3,2,15,1
"201",10,11,7,5,6,8,9,12,14,13,4,15,3,2,16,1
"202",6,10,8,7,9,5,11,12,4,13,3,14,2,15,16,1
"203",6,4,9,5,11,8,7,10,12,14,13,3,2,1,15,16
"204",7,12,10,13,8,6,9,11,5,4,3,2,14,15,1,16
"205",7,8,11,5,10,13,4,6,9,12,14,3,15,2,16,1
"206",8,7,9,11,10,6,13,5,12,4,3,2,14,15,1,16
"207",9,7,10,8,3,5,11,6,13,12,4,15,2,14,1,16
"208",6,8,4,10,9,7,12,11,5,14,13,3,2,15,1,16
"209",6,8,9,5,10,11,7,4,12,13,3,15,14,2,16,1
"210",11,8,7,9,6,4,10,12,5,13,2,15,14,3,1,16
"211",10,7,6,8,9,5,11,12,13,3,4,14,2,16,15,1
"212",9,8,10,11,13,7,6,12,3,5,4,14,16,15,2,1
"213",9,10,7,5,6,4,11,12,8,13,14,3,1,15,2,16
"214",10,8,6,9,11,7,4,12,13,5,14,2,3,15,16,1
"215",9,10,8,11,6,7,5,13,12,14,4,2,15,3,1,16
"216",9,11,7,12,4,10,8,6,14,3,5,13,15,2,1,16
"217",5,7,11,12,3,8,10,6,9,13,4,2,14,16,15,1
"218",9,11,7,8,10,12,6,5,4,13,14,2,15,3,16,1
"219",7,12,8,5,10,9,6,13,11,3,15,14,4,1,2,16
"220",8,9,10,12,11,7,4,6,5,3,13,2,14,15,1,16
"221",10,9,12,7,8,5,11,6,13,2,4,14,3,15,1,16
"222",9,10,13,7,12,8,6,11,4,5,14,3,15,2,1,16
"223",10,8,7,6,9,12,11,13,5,4,14,15,3,16,1,2
"224",9,6,10,11,8,13,7,5,12,4,3,15,14,2,16,1
"225",11,13,8,9,6,7,12,4,10,5,14,3,2,15,16,1
"226",10,9,5,8,6,11,7,12,4,14,3,13,15,2,1,16
"227",6,7,8,9,10,11,5,4,3,12,13,15,16,14,1,2
"228",6,9,5,8,7,11,3,10,13,12,4,14,15,1,2,16
"229",4,8,9,6,5,10,11,12,7,3,13,14,15,2,16,1
"230",8,10,12,9,7,5,11,6,14,4,13,2,3,15,1,16
"231",6,9,8,11,7,10,12,4,5,14,13,2,3,1,15,16
"232",9,6,8,10,7,11,4,12,5,3,13,14,2,16,15,1
"233",6,10,9,7,12,14,8,13,11,5,4,3,15,2,1,16
"234",6,9,10,11,8,7,12,5,4,3,13,2,14,15,16,1
"235",8,7,9,5,12,10,11,3,2,6,4,13,14,15,1,16
"236",3,10,7,9,8,11,5,6,12,13,4,14,2,15,16,1
"237",13,7,6,8,11,10,12,9,4,5,3,14,15,2,1,16
"238",10,8,9,7,6,4,5,12,11,13,3,15,14,2,1,16
"239",8,9,11,12,7,10,6,5,14,4,13,3,15,2,16,1
"240",6,7,12,11,8,9,10,5,4,14,13,2,15,3,1,16
"241",8,9,7,11,4,5,12,6,13,10,15,3,2,14,1,16
"242",7,12,9,10,11,8,6,5,13,4,14,3,15,2,1,16
"243",8,10,6,7,5,9,12,11,4,13,3,14,15,2,16,1
"244",10,12,8,4,6,11,7,9,5,3,13,14,15,2,16,1
"245",4,9,12,7,10,6,8,11,5,13,14,2,15,3,1,16
"246",12,10,7,8,11,9,6,15,13,5,14,3,4,16,1,2
"247",10,9,5,11,8,7,12,14,6,4,13,15,3,2,16,1
"248",9,7,5,11,10,8,6,12,4,3,13,14,15,2,16,1
"249",8,11,5,7,6,9,13,10,4,12,3,14,1,2,15,16
"250",7,10,12,6,8,5,9,11,4,13,3,15,14,2,1,16
"251",7,8,6,9,11,10,5,4,12,15,2,13,3,14,16,1
"252",8,7,11,4,10,6,9,12,13,5,3,15,14,2,1,16
"253",6,8,10,9,7,5,11,4,12,13,3,14,15,2,16,1
"254",9,12,6,5,11,8,7,10,4,14,3,13,1,2,15,16
"255",11,7,10,9,6,5,8,2,12,3,4,13,15,14,1,16
"256",7,9,8,11,10,13,4,5,6,12,3,14,2,15,1,16
"257",10,7,8,6,11,12,9,4,13,5,3,14,15,2,16,1
"258",8,7,9,10,11,6,5,12,14,13,4,3,15,2,16,1
"259",8,7,12,10,9,11,6,4,13,5,14,2,3,15,16,1
"260",10,8,7,6,9,11,12,4,13,5,3,14,15,2,16,1
"261",9,10,15,12,6,8,7,5,11,4,2,14,13,3,1,16
"262",10,5,9,8,7,12,11,6,14,4,13,3,1,15,16,2
"263",7,10,13,9,6,8,4,11,5,12,14,3,15,2,1,16
"264",9,8,5,12,6,4,7,10,11,13,2,16,14,3,15,1
"265",9,10,14,4,8,13,7,11,6,5,12,2,3,15,1,16
"266",9,7,3,12,6,5,8,10,11,4,13,15,14,1,16,2
"267",7,10,8,9,4,6,12,11,5,14,15,3,13,2,1,16
"268",7,10,9,8,13,6,11,5,15,12,4,2,3,14,1,16
"269",6,7,5,8,11,12,9,3,4,10,15,13,16,14,2,1
"270",10,4,9,8,6,5,12,7,11,13,2,14,3,15,16,1
"271",9,10,6,8,7,11,5,13,12,4,14,3,15,2,16,1
"272",10,11,13,12,5,6,3,8,9,7,14,4,15,2,1,16
"273",10,6,9,8,7,11,5,12,13,4,14,3,2,15,1,16
"274",9,10,11,6,8,5,12,14,7,13,4,3,15,2,1,16
"275",10,11,8,12,6,13,9,7,5,3,4,14,2,15,1,16
"276",10,11,14,9,6,8,7,12,4,5,13,3,2,15,1,16
"277",10,7,11,8,6,5,9,12,4,13,14,3,15,2,1,16
"278",8,9,10,11,13,7,6,4,3,12,5,14,15,2,16,1
"279",9,8,7,6,13,10,11,12,5,4,3,15,14,2,16,1
"280",6,8,7,9,13,10,11,12,5,3,4,14,2,15,1,16
"281",7,9,10,6,11,8,5,4,12,13,14,15,2,3,1,16
"282",9,12,10,8,4,11,7,5,6,3,13,2,14,16,15,1
"283",7,6,8,9,10,12,11,5,14,13,4,15,3,2,16,1
"284",3,8,7,4,9,10,11,6,5,12,2,13,14,16,15,1
"285",11,8,6,10,7,14,12,5,9,3,15,4,13,2,1,16
"286",7,9,12,8,6,10,11,4,13,5,3,14,2,16,15,1
"287",7,9,15,6,11,12,10,13,8,5,14,3,4,2,16,1
"288",10,8,4,11,5,7,9,12,13,6,3,2,15,14,16,1
"289",6,9,11,10,7,8,12,5,3,14,13,4,1,2,15,16
"290",6,9,7,12,10,8,13,5,4,11,3,14,15,2,16,1
"291",6,8,7,3,12,10,9,11,14,13,4,5,1,15,2,16
"292",8,9,13,7,11,6,12,10,5,14,4,3,2,15,1,16
"293",8,9,10,5,6,7,11,14,12,4,13,3,15,2,16,1
"294",11,9,5,12,6,10,8,7,13,14,4,15,3,2,1,16
"295",6,8,9,10,13,11,2,7,4,12,5,3,15,14,1,16
"296",12,9,8,7,11,4,6,10,5,13,14,2,15,3,1,16
"297",9,6,7,10,5,4,8,11,12,14,13,2,3,15,1,16
"298",10,9,7,8,5,3,4,6,11,12,2,13,14,15,1,16
"299",10,8,9,6,7,12,13,5,11,2,4,14,3,15,1,16
"300",9,8,10,6,11,7,12,5,4,15,13,3,14,2,1,16
"301",9,11,6,8,7,10,4,14,12,5,13,3,15,2,16,1
"302",9,8,10,5,11,13,6,4,14,12,7,15,3,16,2,1
"303",11,10,8,7,9,4,5,6,13,12,3,14,1,2,15,16
"304",7,11,9,4,10,8,5,12,6,14,3,13,2,15,16,1
"305",5,7,10,9,6,8,4,11,12,13,14,3,16,15,1,2
"306",7,8,9,11,3,13,10,6,5,12,4,14,16,2,15,1
"307",8,9,10,13,6,11,12,7,5,4,3,14,1,15,2,16
"308",10,7,11,12,9,8,5,6,13,4,14,3,16,2,1,15
"309",9,7,5,11,10,12,6,3,8,13,14,4,2,1,15,16
"310",10,4,9,8,7,11,6,14,5,13,12,3,2,15,16,1
"311",12,8,10,9,13,7,11,5,6,15,4,2,14,1,3,16
"312",6,3,9,5,11,12,10,8,7,4,14,13,1,2,15,16
"313",9,6,10,7,11,8,12,4,13,5,15,3,14,2,1,16
"314",9,8,7,10,11,12,5,6,4,13,3,15,14,2,16,1
"315",8,9,10,6,11,7,5,12,14,4,13,3,2,15,1,16
"316",8,9,10,6,11,5,7,13,3,12,4,14,16,15,2,1
"317",3,8,10,7,11,9,12,5,4,13,6,15,14,2,1,16
"318",7,8,10,12,6,9,11,3,5,4,13,15,14,1,16,2
"319",11,10,6,4,8,7,9,13,5,3,12,14,2,15,16,1
"320",11,7,9,12,6,10,8,5,3,4,13,14,2,15,16,1
"321",11,9,10,12,6,8,7,4,5,13,14,3,2,16,15,1
"322",11,8,6,7,10,9,5,4,12,13,3,14,15,2,1,16
"323",6,8,10,12,5,9,7,11,13,4,3,2,14,1,15,16
"324",12,7,10,5,15,9,6,11,8,13,14,3,4,1,2,16
"325",11,10,6,8,9,7,13,5,12,3,4,14,2,15,1,16
"326",11,9,8,6,10,5,7,4,12,13,3,14,2,15,1,16
"327",7,9,10,8,12,6,13,14,11,5,4,3,2,15,1,16
"328",10,8,6,7,11,9,5,12,13,4,3,14,2,15,1,16
"329",7,10,8,9,5,6,11,13,4,12,3,14,2,15,1,16
"330",8,11,9,4,6,12,7,10,13,5,3,2,14,15,1,16
"331",11,10,8,7,6,9,12,4,5,13,2,14,3,15,1,16
"332",10,7,9,11,8,6,12,5,13,4,3,15,2,14,1,16
"333",11,8,5,9,7,4,12,10,3,6,13,14,15,2,16,1
"334",10,11,8,6,7,12,9,5,4,14,13,3,15,2,1,16
"335",7,12,9,10,8,5,6,11,4,13,14,3,15,2,16,1
"336",10,9,6,7,8,11,13,12,5,14,3,2,4,15,1,16
"337",9,11,8,7,5,13,3,6,10,12,4,14,15,2,16,1
"338",6,10,5,11,9,8,7,12,13,14,15,4,2,3,1,16
"339",7,9,12,10,3,5,6,13,8,11,4,14,2,1,15,16
"340",6,7,10,11,9,12,8,13,5,4,14,3,2,15,1,16
"341",10,7,5,9,3,11,8,6,12,13,4,2,14,15,16,1
"342",6,9,8,7,11,5,3,10,12,15,4,13,2,14,1,16
"343",9,8,6,7,10,12,11,13,5,14,3,4,15,2,16,1
"344",5,7,6,8,10,11,13,9,3,12,4,14,15,2,16,1
"345",11,8,9,10,6,4,12,7,14,13,5,3,2,15,16,1
"346",8,7,9,14,10,11,6,5,12,4,13,3,16,2,15,1
"347",9,12,5,6,7,8,11,13,10,3,4,1,14,2,15,16
"348",12,9,8,4,11,7,6,10,5,13,3,14,1,2,15,16
"349",9,7,10,5,6,11,8,12,4,3,13,2,14,15,1,16
"350",8,13,6,7,10,15,5,9,11,14,4,12,3,2,16,1
"351",10,7,6,8,4,9,5,11,3,12,13,15,14,2,1,16
"352",12,7,11,10,9,6,8,13,2,5,4,3,14,15,16,1
"353",8,4,11,9,7,6,10,12,13,5,3,14,15,2,1,16
"354",7,9,6,10,8,13,11,5,2,14,12,4,3,16,1,15
"355",7,9,12,4,11,8,10,2,6,5,13,3,14,15,1,16
"356",11,7,9,10,8,6,5,12,4,13,3,14,2,15,16,1
"357",11,9,10,6,13,8,12,7,3,2,4,5,14,15,16,1
"358",11,8,10,12,9,7,6,13,4,14,3,5,15,2,16,1
"359",11,9,12,7,6,8,10,4,5,3,13,14,15,2,1,16
"360",8,7,9,11,6,4,12,10,5,14,13,15,3,2,16,1
"361",11,6,7,9,8,5,12,10,13,4,14,3,15,2,1,16
"362",6,10,12,7,11,8,9,5,4,13,2,14,3,15,16,1
"363",8,9,7,11,10,6,2,4,12,14,13,5,3,15,16,1
"364",5,9,4,7,8,10,13,6,3,11,12,15,14,16,2,1
"365",10,9,11,8,12,15,5,6,7,3,13,14,4,2,16,1
"366",9,7,10,8,12,6,4,11,5,14,3,13,15,2,1,16
"367",8,7,9,11,12,5,10,4,6,3,13,14,15,2,16,1
"368",8,6,9,11,10,3,7,12,5,14,13,4,15,2,1,16
"369",10,5,11,7,6,8,9,12,13,15,14,3,4,1,2,16
"370",10,6,8,9,4,7,12,11,5,14,3,13,16,1,15,2
"371",12,6,7,11,8,10,13,9,5,4,15,14,3,2,1,16
"372",6,9,12,8,10,7,13,5,4,11,14,16,3,15,2,1
"373",5,7,8,9,12,6,11,10,2,4,14,13,3,15,16,1
"374",10,15,8,12,7,9,6,11,5,13,4,3,2,14,1,16
"375",6,8,9,7,10,12,5,11,13,4,14,3,15,2,1,16
"376",9,10,7,6,8,12,5,3,11,14,4,13,15,2,1,16
"377",7,5,9,8,6,12,10,11,14,3,13,4,1,15,2,16
"378",10,6,8,12,11,7,9,13,5,4,14,3,15,2,1,16
"379",8,10,9,6,7,12,13,4,11,5,14,15,16,3,2,1
"380",10,11,7,8,9,6,5,2,4,13,12,14,3,15,1,16
"381",9,10,11,8,5,12,16,7,6,4,13,3,14,1,15,2
"382",8,4,5,10,9,11,7,6,13,12,14,15,3,2,1,16
"383",11,6,8,9,4,10,7,12,13,5,3,1,14,2,16,15
"384",7,9,12,10,6,8,5,13,11,4,14,15,3,2,16,1
"385",12,9,8,6,11,10,7,5,13,2,14,4,3,15,1,16
"386",8,7,9,5,12,11,10,4,6,13,2,3,15,14,16,1
"387",7,8,6,9,11,12,5,10,4,14,13,15,3,1,2,16
"388",6,7,9,14,10,11,12,8,5,13,4,3,15,2,16,1
"389",6,3,7,4,9,10,8,5,11,13,12,15,14,2,16,1
"390",8,10,11,7,9,5,6,12,13,14,3,4,15,16,2,1
"391",8,6,10,9,7,11,12,4,5,3,14,13,2,16,15,1
"392",8,7,11,9,10,6,5,12,4,15,3,13,14,2,16,1
"393",7,10,8,6,9,11,13,12,5,3,4,15,1,14,2,16
"394",10,5,9,6,11,8,13,12,7,15,4,3,14,16,2,1
"395",9,7,10,5,6,11,14,8,12,13,4,3,2,15,16,1
"396",4,8,10,6,7,9,5,12,3,11,13,14,15,2,16,1
"397",10,12,8,9,7,13,6,11,3,5,14,4,2,15,16,1
"398",9,11,13,7,10,12,8,5,6,4,3,14,15,2,1,16
"399",11,10,9,7,6,8,5,14,13,4,12,2,3,15,16,1
"400",10,9,8,12,6,5,13,11,7,14,4,3,2,15,16,1
"401",8,10,9,7,6,5,11,12,13,14,3,4,15,2,16,1
"402",10,12,8,11,5,7,9,4,13,6,14,15,2,3,1,16
"403",5,9,7,12,16,4,11,10,8,6,14,2,13,3,15,1
"404",7,8,6,10,9,11,12,5,3,13,4,14,15,2,1,16
"405",10,11,8,7,9,12,6,5,3,4,13,2,14,15,16,1
"406",12,7,6,8,5,9,10,11,13,4,3,14,15,2,1,16
"407",11,9,13,8,10,7,12,3,6,5,4,14,1,2,15,16
"408",8,11,12,9,7,10,5,4,6,13,3,1,14,15,2,16
"409",11,8,7,6,5,9,10,12,4,3,13,15,14,2,16,1
"410",9,6,5,14,10,7,8,11,12,13,3,4,2,15,1,16
"411",7,13,6,8,11,10,5,9,12,4,3,14,15,2,16,1
"412",11,7,5,10,6,8,12,9,4,13,2,3,15,14,16,1
"413",11,8,3,9,10,12,13,6,7,5,14,4,2,15,1,16
"414",8,12,9,7,5,11,6,10,13,4,16,3,14,2,1,15
"415",7,5,8,12,9,6,11,10,13,3,15,4,14,2,1,16
"416",8,7,10,6,9,13,11,12,4,5,1,3,14,15,2,16
"417",9,11,8,12,7,10,6,5,4,13,3,14,15,16,2,1
"418",4,12,5,11,7,9,6,8,10,13,14,3,2,15,1,16
"419",7,9,12,11,8,6,4,10,5,13,15,3,2,14,1,16
"420",11,9,7,10,6,5,8,12,14,4,3,13,2,16,15,1
"421",9,8,5,6,13,7,11,4,10,12,14,3,15,2,1,16
"422",7,11,15,9,8,13,6,10,5,4,12,3,14,2,1,16
"423",7,8,10,5,3,12,9,6,15,13,11,4,14,16,2,1
"424",9,7,8,6,12,10,5,3,11,13,4,16,14,15,2,1
"425",10,6,7,8,11,9,12,5,4,13,3,15,14,2,1,16
"426",9,8,10,7,6,12,5,11,13,14,4,2,15,3,16,1
"427",7,8,13,11,6,5,9,10,4,3,12,14,15,1,2,16
"428",7,9,10,11,6,8,5,12,13,4,3,14,2,15,1,16
"429",6,7,13,8,10,9,11,5,12,14,2,4,3,16,15,1
"430",7,12,11,10,8,6,5,9,15,4,14,13,2,3,1,16
"431",7,10,11,9,6,8,12,5,4,13,3,14,2,16,15,1
"432",7,10,6,9,8,11,13,5,12,14,4,3,1,15,2,16
"433",10,7,8,9,12,6,11,13,2,5,4,14,3,1,15,16
"434",8,9,11,14,7,12,10,2,13,6,4,5,3,15,1,16
"435",8,9,10,7,11,12,5,6,13,14,4,16,3,15,2,1
"436",11,8,9,10,7,6,5,13,4,14,12,15,3,2,16,1
"437",12,9,7,8,6,10,3,5,11,4,13,14,2,16,15,1
"438",7,9,10,5,14,6,8,11,12,13,4,15,3,2,1,16
"439",10,7,11,8,9,5,6,4,12,14,13,3,2,1,15,16
"440",9,12,10,11,7,14,8,6,13,4,5,3,2,15,16,1
"441",6,10,9,5,12,11,7,8,3,13,4,14,16,2,15,1
"442",5,8,9,6,7,10,3,11,12,4,13,15,14,2,16,1
"443",11,10,9,6,7,8,13,12,4,5,3,14,2,15,16,1
"444",10,8,9,13,6,12,7,11,5,4,2,15,1,14,3,16
"445",10,9,8,7,6,4,11,12,14,5,13,15,3,2,1,16
"446",10,5,8,11,7,6,13,9,14,12,3,4,2,15,16,1
"447",6,10,9,11,8,12,5,7,4,13,3,15,14,16,2,1
"448",9,10,7,8,4,2,13,6,12,11,5,3,14,15,1,16
"449",8,9,6,11,7,10,5,12,4,3,16,13,14,2,15,1
"450",5,10,12,6,11,7,8,13,9,4,3,16,14,1,2,15
"451",14,10,6,5,7,8,9,4,12,11,13,3,15,2,16,1
"452",6,9,11,8,14,15,7,10,4,5,12,3,13,2,1,16
"453",6,10,11,8,7,9,12,15,5,14,4,13,3,2,16,1
"454",8,11,9,6,4,7,10,12,5,13,14,3,15,2,1,16
"455",8,9,7,10,5,13,12,6,11,14,15,4,3,2,16,1
"456",10,8,9,7,6,5,11,4,12,3,15,13,14,2,16,1
"457",6,8,11,10,7,13,9,15,12,5,3,4,14,16,2,1
"458",5,8,9,10,12,11,3,6,7,14,4,13,15,2,16,1
"459",7,9,10,8,11,13,6,12,14,5,4,3,15,2,16,1
"460",8,9,10,12,7,3,14,11,6,5,13,4,2,15,1,16
"461",9,7,8,6,13,11,10,5,12,4,14,3,2,15,1,16
"462",10,8,7,9,5,6,11,12,13,4,3,14,2,15,1,16
"463",8,6,10,11,7,14,9,5,12,13,4,3,1,2,15,16
"464",9,11,7,10,8,5,4,3,12,6,13,14,2,16,15,1
"465",9,8,7,11,10,6,5,15,3,13,12,14,4,2,1,16
"466",10,6,9,8,11,7,13,4,12,5,14,16,3,2,15,1
"467",9,8,10,11,6,7,5,12,13,4,3,14,15,2,16,1
"468",8,7,11,9,12,10,4,5,6,13,15,14,3,2,1,16
"469",8,11,7,10,5,6,9,12,4,13,2,14,3,15,1,16
"470",10,6,9,7,12,8,11,4,5,13,3,14,15,2,1,16
"471",6,8,11,10,12,7,9,13,5,4,3,15,2,14,16,1
"472",10,9,8,11,13,7,6,5,12,14,4,15,3,2,16,1
"473",12,9,8,13,10,7,5,6,11,4,3,14,16,15,1,2
"474",8,9,10,7,6,11,12,5,4,13,14,3,2,15,16,1
"475",10,8,3,9,6,7,5,4,12,14,11,13,2,15,1,16
"476",8,11,7,6,5,12,9,10,13,4,15,3,14,2,16,1
"477",5,11,9,10,14,6,8,7,13,12,4,3,15,2,16,1
"478",8,10,5,9,11,6,7,12,4,3,13,14,2,1,15,16
"479",11,3,6,8,9,7,10,14,12,13,4,5,15,2,16,1
"480",5,8,6,10,7,11,12,9,13,1,14,4,3,2,15,16
"481",11,10,9,8,6,4,2,5,3,14,7,12,13,16,15,1
"482",7,11,9,10,6,4,12,8,3,5,14,13,15,2,1,16
"483",5,11,10,7,6,9,8,13,12,3,4,14,15,2,1,16
"484",11,6,7,9,8,5,4,12,3,10,13,15,14,2,16,1
"485",9,7,8,12,10,3,6,5,11,13,4,14,2,15,1,16
"486",8,7,11,9,10,12,6,5,4,13,2,15,14,3,1,16
"487",11,5,9,8,10,12,7,6,4,13,15,14,3,2,1,16
"488",3,10,9,7,11,8,13,6,12,5,14,4,15,16,2,1
"489",7,11,8,9,10,14,13,6,5,4,12,2,15,1,3,16
"490",7,6,9,10,8,11,5,12,2,4,14,13,3,15,16,1
"491",8,9,10,13,5,12,7,11,6,14,4,16,15,2,3,1
"492",7,6,5,10,8,11,9,12,13,14,3,4,15,16,2,1
"493",10,7,5,12,8,11,9,6,4,2,13,14,3,15,1,16
"494",6,9,7,10,8,5,11,12,2,4,14,13,3,15,16,1
"495",9,5,7,8,11,10,6,12,13,4,14,16,15,3,2,1
"496",6,9,7,10,11,8,5,13,12,4,14,15,3,2,1,16
"497",10,8,7,11,9,6,5,4,13,12,3,15,14,2,1,16
"498",10,9,7,6,15,8,5,11,4,13,12,3,14,16,2,1
"499",7,11,14,12,13,10,9,8,5,3,6,4,1,15,16,2
"500",8,7,10,9,6,11,12,5,3,16,13,4,2,14,15,1
"501",8,12,11,9,5,10,7,13,4,6,14,3,2,1,16,15
"502",9,8,11,10,7,6,5,4,12,15,1,13,3,14,2,16
"503",11,9,13,8,10,7,4,6,12,2,5,3,15,14,16,1
"504",9,7,8,10,12,11,5,6,14,3,13,4,2,15,16,1
"505",10,7,8,9,11,6,5,4,12,13,15,14,3,1,16,2
"506",9,7,8,10,6,13,12,4,5,11,15,2,14,3,1,16
"507",7,8,6,10,9,5,11,4,12,13,3,14,15,16,2,1
"508",6,7,10,9,8,5,11,13,12,4,3,15,14,2,16,1
"509",2,12,7,9,10,8,11,6,13,15,5,4,3,14,1,16
"510",7,8,10,9,11,12,4,6,5,13,14,3,1,15,2,16
"511",10,11,7,8,5,9,6,12,4,15,3,14,13,2,16,1
"512",9,6,10,8,7,5,14,11,4,3,12,13,2,16,15,1
"513",9,4,7,10,11,6,8,5,12,13,3,14,15,2,16,1
"514",11,8,6,9,10,3,12,5,7,13,14,4,2,15,16,1
"515",11,10,9,8,7,12,6,4,5,13,14,3,15,2,1,16
"516",9,11,7,13,10,8,6,4,2,12,5,3,14,1,15,16
"517",8,7,9,10,12,11,4,6,14,5,13,3,2,1,15,16
"518",11,5,12,8,6,14,7,9,10,4,1,13,3,15,2,16
"519",7,6,8,9,15,11,12,10,5,13,4,14,2,3,1,16
"520",10,7,9,4,11,8,6,12,5,13,14,3,2,1,15,16
"521",12,5,11,8,7,10,4,9,6,13,14,3,15,2,16,1
"522",9,6,5,11,8,10,7,13,12,15,4,14,3,16,2,1
"523",6,8,11,9,10,7,5,12,14,4,13,2,3,15,1,16
"524",8,6,9,11,10,7,12,13,5,4,3,14,15,2,16,1
"525",10,8,6,4,5,3,11,14,7,9,12,13,15,2,16,1
"526",8,9,7,12,11,4,5,10,13,14,6,3,2,15,1,16
"527",8,7,5,9,6,10,11,12,4,15,14,13,2,3,1,16
"528",10,7,8,11,9,5,6,13,12,4,3,14,2,15,16,1
"529",9,8,12,10,6,7,11,14,5,4,3,13,2,15,1,16
"530",10,7,4,9,14,5,6,8,11,12,13,2,3,15,1,16
"531",9,7,11,4,10,6,12,8,5,2,13,14,3,16,15,1
"532",9,8,13,7,11,6,10,5,16,12,4,3,14,15,1,2
"533",4,7,9,11,8,12,10,6,5,13,14,3,15,2,16,1
"534",8,11,6,12,9,13,10,7,5,4,15,3,14,16,2,1
"535",7,8,6,13,4,9,11,10,5,12,14,3,15,16,2,1
"536",10,8,11,7,9,6,14,12,5,13,4,1,2,3,15,16
"537",11,8,7,12,5,9,4,10,6,13,14,15,3,2,1,16
"538",7,9,5,10,8,6,11,13,12,4,3,14,15,1,2,16
"539",9,10,8,5,11,7,12,13,6,4,2,3,14,15,16,1
"540",8,9,12,6,7,10,13,11,5,4,14,3,15,2,1,16
"541",11,8,9,5,6,7,12,10,13,4,14,15,3,2,1,16
"542",9,13,5,8,12,10,11,7,6,14,4,3,2,1,15,16
"543",6,8,5,9,10,7,11,12,3,4,13,14,15,2,1,16
"544",8,12,11,6,10,7,13,9,5,4,3,14,2,15,16,1
"545",10,8,9,7,11,6,12,4,3,13,5,14,15,1,2,16
"546",7,6,9,10,4,12,8,11,3,5,14,13,2,16,15,1
"547",9,7,10,4,8,12,11,6,5,13,14,15,16,2,3,1
"548",7,9,4,6,11,8,5,10,12,3,15,13,14,2,1,16
"549",9,8,10,11,7,6,5,13,4,15,12,3,14,2,1,16
"550",9,11,6,7,8,12,3,10,4,5,13,14,2,1,15,16
"551",11,9,8,10,7,6,5,3,12,13,4,14,2,15,16,1
"552",11,9,14,7,10,5,8,6,12,4,13,3,2,15,1,16
"553",9,6,8,12,11,10,7,5,14,4,13,3,2,15,16,1
"554",7,8,9,5,6,10,11,4,13,12,3,14,2,1,15,16
"555",7,12,9,8,10,13,11,6,4,5,15,3,16,14,2,1
"556",10,14,7,9,12,8,11,5,6,13,4,2,3,15,16,1
"557",6,8,9,7,11,10,12,13,5,14,4,15,2,3,1,16
"558",9,10,11,8,13,5,12,7,4,6,2,14,3,15,16,1
"559",10,9,3,7,6,8,4,5,11,12,13,14,2,15,16,1
"560",8,5,9,10,6,7,11,12,4,13,14,3,15,2,1,16
"561",11,8,6,5,10,9,7,14,12,3,15,13,4,2,1,16
"562",6,8,12,10,9,5,11,4,7,13,14,3,15,1,16,2
"563",10,9,7,8,11,6,12,13,15,5,4,14,3,16,2,1
"564",11,5,10,8,9,6,7,4,12,13,16,14,3,15,2,1
"565",9,7,11,6,10,8,14,2,12,5,3,13,4,15,16,1
"566",8,9,11,12,5,10,6,7,4,13,15,14,1,3,2,16
"567",10,12,8,5,9,11,6,7,13,14,4,3,15,1,2,16
"568",11,13,10,12,7,6,8,9,5,4,3,2,14,15,1,16
"569",11,8,9,10,7,12,5,14,6,15,13,4,3,2,1,16
"570",7,11,10,9,8,5,13,6,12,4,3,14,2,15,16,1
"571",6,5,9,8,11,10,4,7,12,2,14,13,3,15,1,16
"572",10,6,5,9,7,11,12,8,4,13,14,3,16,15,2,1
"573",9,7,8,5,10,6,11,4,12,3,13,14,2,16,15,1
"574",8,10,7,12,6,11,4,9,13,5,3,2,14,15,16,1
"575",13,8,4,9,6,11,10,7,14,5,12,15,2,1,3,16
"576",7,10,5,6,13,8,12,9,11,3,4,14,15,1,2,16
"577",8,7,9,5,10,11,6,12,4,13,2,3,14,15,1,16
"578",8,5,7,12,9,6,11,13,10,4,14,3,2,1,15,16
"579",11,6,10,7,8,9,5,3,4,12,13,2,14,15,16,1
"580",8,7,9,10,5,6,11,14,12,13,4,3,15,2,1,16
"581",11,10,7,8,9,5,6,13,12,4,14,3,2,15,1,16
"582",9,12,7,14,10,4,11,5,13,8,6,3,15,2,1,16
"583",6,10,12,9,8,7,13,11,5,4,14,3,15,2,16,1
"584",8,12,6,9,13,10,7,11,5,3,4,2,14,15,1,16
"585",9,10,5,6,7,8,4,12,11,13,3,2,14,15,16,1
"586",8,5,11,12,7,6,10,14,9,4,3,13,16,2,15,1
"587",7,9,11,5,10,8,4,13,6,14,12,3,2,15,1,16
"588",12,9,11,7,10,8,5,6,13,3,4,15,14,16,2,1
"589",9,6,11,10,8,7,3,5,13,4,12,14,1,2,15,16
"590",11,5,8,6,4,9,10,7,12,14,3,13,15,2,1,16
"591",12,11,7,9,8,10,6,5,15,13,4,14,2,3,1,16
"592",8,9,10,12,11,6,13,5,7,15,4,3,14,2,1,16
"593",5,7,11,6,10,9,8,4,13,12,14,3,15,2,1,16
"594",6,10,7,8,9,11,4,12,5,14,2,13,3,15,16,1
"595",10,6,8,7,11,9,4,12,5,13,16,2,14,3,15,1
"596",11,10,6,9,8,7,12,3,4,5,13,15,14,1,2,16
"597",10,6,7,9,11,8,13,5,12,4,3,14,1,15,16,2
"598",13,9,8,7,6,12,11,14,10,5,15,4,3,2,1,16
"599",8,11,9,10,6,12,3,7,4,5,13,14,2,15,1,16
"600",8,10,11,5,7,12,14,9,6,3,4,13,15,2,16,1
"601",9,8,12,10,11,7,6,3,14,13,4,5,2,15,16,1
"602",10,11,13,12,7,9,8,6,14,5,4,2,15,3,1,16
"603",12,6,10,8,5,7,9,11,14,4,13,3,2,15,1,16
"604",15,9,5,11,7,8,6,10,4,12,13,14,3,1,2,16
"605",7,10,6,9,11,8,5,4,12,13,16,3,15,14,2,1
"606",7,8,11,9,10,6,12,4,5,13,14,15,3,2,16,1
"607",5,12,11,7,8,10,9,6,14,4,13,3,2,16,15,1
"608",10,12,4,9,11,7,8,6,13,5,14,2,3,15,16,1
"609",10,13,9,7,6,8,11,4,14,5,12,15,2,3,16,1
"610",7,9,10,6,5,8,11,14,12,4,13,3,15,2,16,1
"611",5,9,7,8,12,10,11,6,4,2,13,14,3,15,1,16
"612",10,8,9,5,7,13,6,11,12,4,14,2,3,16,15,1
"613",10,8,7,11,12,6,13,14,9,5,4,3,2,15,16,1
"614",8,12,7,9,11,10,4,6,14,5,13,3,15,2,1,16
"615",5,8,11,6,9,14,10,7,12,13,15,4,3,2,16,1
"616",6,9,7,8,13,5,12,11,10,14,4,2,3,15,16,1
"617",10,9,7,6,8,11,5,1,12,16,13,14,4,3,2,15
"618",10,12,9,8,13,7,6,4,5,11,15,3,2,14,1,16
"619",5,6,10,11,9,8,7,4,12,14,13,3,2,15,1,16
"620",6,5,7,11,9,8,10,13,12,3,4,14,15,2,16,1
"621",9,11,7,12,14,10,8,5,6,4,13,3,15,2,1,16
"622",9,12,8,13,6,7,11,4,10,5,14,3,1,15,2,16
"623",7,10,9,8,5,11,6,13,4,12,14,15,3,16,2,1
"624",6,10,12,9,11,7,8,13,5,15,4,14,3,2,16,1
"625",11,8,6,10,13,7,9,5,12,4,3,1,15,2,14,16
"626",7,12,9,11,5,10,8,6,3,14,4,13,15,1,2,16
"627",8,6,9,7,11,10,4,12,5,13,14,15,3,2,1,16
"628",8,11,6,10,7,9,2,4,13,5,12,3,14,16,15,1
"629",8,11,6,9,10,5,7,12,4,13,2,3,14,15,1,16
"630",11,8,7,6,9,12,5,10,4,13,3,14,15,2,1,16
"631",7,6,9,10,4,8,11,13,12,5,14,3,15,2,1,16
"632",7,10,4,8,9,12,6,13,11,5,3,14,1,2,15,16
"633",13,7,10,9,8,5,11,4,14,12,2,15,6,16,3,1
"634",6,9,7,8,11,13,10,3,5,12,4,14,15,16,2,1
"635",11,7,5,3,9,8,12,10,6,13,4,14,2,16,15,1
"636",12,6,5,9,7,10,11,8,13,3,4,14,15,2,16,1
"637",7,8,9,6,10,11,5,13,12,4,16,2,14,3,15,1
"638",11,7,9,6,8,10,4,5,12,13,3,14,2,15,16,1
"639",10,9,7,11,12,6,8,5,16,3,4,13,14,2,15,1
"640",9,10,8,7,12,5,6,13,11,4,3,14,2,15,1,16
"641",9,6,5,12,8,7,10,11,4,14,13,3,2,15,16,1
"642",8,9,7,10,12,13,5,6,11,14,4,16,2,3,15,1
"643",8,6,11,10,12,4,9,7,3,5,2,13,15,14,1,16
"644",10,8,9,5,7,11,6,12,13,3,4,15,14,16,2,1
"645",8,7,6,10,9,11,5,12,4,13,14,2,3,15,1,16
"646",8,11,6,10,9,4,7,12,5,13,14,3,2,16,15,1
"647",10,9,12,6,8,7,11,5,13,4,3,14,2,16,15,1
"648",8,6,11,9,5,10,7,3,4,12,14,13,15,2,1,16
"649",10,8,9,7,12,11,4,5,6,14,13,3,15,2,1,16
"650",9,12,13,8,7,10,11,6,14,5,15,3,4,2,16,1
"651",10,7,13,8,11,5,14,12,6,9,4,2,3,15,1,16
"652",8,7,4,9,10,11,6,5,12,14,13,3,2,15,16,1
"653",9,10,8,7,12,5,13,6,11,3,4,14,2,16,15,1
"654",7,12,10,9,6,8,5,11,13,4,14,3,2,15,16,1
"655",9,8,5,7,11,13,6,12,10,15,3,4,2,14,1,16
"656",10,9,7,6,5,11,8,12,13,4,14,3,15,2,1,16
"657",11,10,8,9,7,5,6,12,3,14,4,13,15,2,1,16
"658",11,6,9,8,10,7,12,13,2,5,14,3,4,15,16,1
"659",9,6,4,7,10,11,8,5,12,13,3,14,2,15,1,16
"660",6,7,8,10,9,11,4,12,5,13,14,3,15,2,16,1
"661",8,5,9,10,7,13,6,12,11,4,14,3,15,2,1,16
"662",11,8,9,15,7,10,13,5,12,6,4,14,3,16,2,1
"663",8,11,5,7,6,10,12,9,13,4,3,14,15,2,1,16
"664",7,8,9,11,10,4,14,6,5,12,13,3,15,1,16,2
"665",12,10,9,4,6,7,11,8,13,5,3,2,14,15,16,1
"666",6,8,9,10,5,7,3,11,4,13,12,2,14,16,1,15
"667",8,11,9,7,6,13,10,4,5,12,14,2,3,15,1,16
"668",9,11,8,7,6,10,5,4,14,13,12,3,15,2,1,16
"669",9,8,6,13,7,10,11,12,5,3,4,14,1,15,2,16
"670",8,11,5,9,10,6,4,13,7,12,14,3,15,2,1,16
"671",9,7,6,11,8,5,10,12,13,14,3,4,16,2,1,15
"672",6,8,9,12,5,11,7,14,4,10,2,13,3,15,16,1
"673",9,5,7,12,8,10,14,11,6,13,4,3,16,2,15,1
"674",6,7,11,10,4,9,5,8,12,13,3,14,15,16,2,1
"675",8,6,7,9,11,10,5,14,13,12,4,3,15,2,16,1
"676",9,7,5,12,10,8,6,13,11,4,14,3,1,2,15,16
"677",9,10,5,8,6,7,11,12,4,13,14,3,15,2,16,1
"678",10,7,9,8,13,5,6,4,12,11,3,15,14,2,16,1
"679",9,10,7,8,6,11,13,12,3,5,4,14,2,1,15,16
"680",12,9,6,8,10,7,11,4,5,13,14,15,3,2,1,16
"681",12,6,8,9,10,7,11,5,13,4,14,3,15,2,16,1
"682",8,5,11,7,10,9,13,6,1,15,2,12,4,14,3,16
"683",6,9,10,4,11,13,5,8,3,12,14,7,15,2,16,1
"684",9,7,10,6,8,12,5,11,13,4,2,15,3,14,16,1
"685",11,12,8,9,10,7,6,13,5,4,14,15,2,3,1,16
"686",10,8,7,6,12,11,9,5,13,14,3,16,4,2,15,1
"687",9,8,10,6,11,13,7,5,12,4,14,2,16,3,15,1
"688",7,8,10,9,6,11,5,13,12,4,3,14,2,15,1,16
"689",6,10,13,5,8,11,9,12,4,7,14,3,15,2,16,1
"690",13,8,5,7,9,11,10,12,6,3,4,14,2,16,15,1
"691",10,8,5,7,6,9,11,12,4,13,3,14,2,15,16,1
"692",7,9,5,8,11,6,10,12,2,13,14,4,15,3,16,1
"693",11,6,5,7,9,8,10,14,4,12,13,3,15,2,16,1
"694",9,7,4,10,6,5,8,11,12,13,14,15,3,2,16,1
"695",9,11,8,10,6,7,5,12,4,14,3,2,13,15,1,16
"696",12,8,13,10,11,6,5,9,7,4,14,2,16,3,15,1
"697",8,11,9,13,12,6,10,7,5,14,15,3,4,2,1,16
"698",11,10,8,6,7,9,4,5,13,12,15,14,3,2,1,16
"699",11,9,7,8,10,6,5,12,4,13,14,15,3,1,2,16
"700",12,4,8,14,7,10,9,6,5,11,13,15,3,16,2,1
"701",9,12,4,7,10,8,11,6,13,15,3,2,5,14,1,16
"702",9,5,6,8,7,11,12,10,13,3,4,14,15,2,1,16
"703",5,9,7,4,10,8,6,12,11,13,15,2,14,3,16,1
"704",7,10,9,8,11,4,6,5,12,3,13,14,15,2,16,1
"705",10,7,9,11,14,8,12,6,5,4,13,3,1,2,15,16
"706",6,9,7,10,8,11,5,14,12,4,3,13,2,15,1,16
"707",7,8,9,10,4,6,12,11,5,13,14,3,15,2,16,1
"708",8,7,9,11,10,6,5,12,3,4,14,13,1,15,2,16
"709",9,7,10,4,13,8,5,6,11,12,14,3,15,2,16,1
"710",9,8,7,10,6,12,5,11,13,16,4,3,14,2,15,1
"711",9,10,12,5,7,11,8,6,4,3,13,15,14,2,1,16
"712",8,5,9,12,6,10,7,11,4,3,14,13,2,16,15,1
"713",11,7,8,12,10,6,13,9,5,14,15,4,1,3,16,2
"714",8,10,9,12,5,13,7,11,6,4,3,14,1,16,15,2
"715",6,5,8,4,12,9,11,7,10,15,13,14,2,3,1,16
"716",7,11,10,14,12,8,6,9,3,5,4,13,16,2,15,1
"717",6,9,10,11,8,12,7,13,5,4,3,14,16,1,15,2
"718",6,8,10,9,12,7,4,5,11,13,14,3,15,2,1,16
"719",8,10,6,11,9,14,7,5,12,4,3,13,15,2,1,16
"720",11,6,9,10,7,8,5,4,13,12,14,3,15,2,16,1
"721",8,10,11,7,2,14,5,9,6,3,12,4,13,15,16,1
"722",6,8,7,9,12,10,11,4,5,13,14,3,2,15,16,1
"723",9,8,6,7,10,11,1,12,13,4,5,14,3,16,2,15
"724",7,9,5,8,10,11,6,14,12,4,2,3,13,15,1,16
"725",6,8,7,11,9,5,12,10,3,13,15,4,2,14,16,1
"726",8,9,6,10,13,7,4,11,12,5,14,3,2,15,16,1
"727",7,10,13,4,3,5,9,8,12,6,11,14,2,16,15,1
"728",7,9,8,10,6,13,12,11,5,4,15,14,3,2,16,1
"729",8,9,11,10,6,5,7,2,12,3,4,13,14,15,1,16
"730",10,5,9,6,7,11,12,8,13,4,3,14,2,1,16,15
"731",11,9,8,12,10,7,13,4,6,2,5,14,3,15,16,1
"732",7,10,4,8,9,12,11,5,6,2,13,14,3,1,16,15
"733",11,7,8,6,13,10,9,12,5,3,4,14,1,2,15,16
"734",11,9,8,7,6,13,10,5,4,12,3,14,2,15,16,1
"735",12,6,8,11,7,10,9,13,14,5,4,2,3,1,15,16
"736",14,10,8,7,9,5,6,12,11,13,4,3,15,1,16,2
"737",9,6,8,5,11,12,10,7,3,13,4,14,2,15,1,16
"738",10,6,7,9,8,11,13,12,4,5,14,16,2,15,3,1
"739",7,8,6,12,9,10,11,5,13,3,4,14,15,2,16,1
"740",7,8,11,9,5,6,4,12,10,3,14,13,15,2,16,1
"741",7,10,6,9,11,4,5,8,3,12,14,13,15,2,16,1
"742",8,9,7,11,6,12,4,10,13,5,14,3,15,2,1,16
"743",6,7,5,12,9,8,11,10,13,14,4,3,15,1,2,16
"744",6,9,10,8,7,11,12,13,5,14,4,2,3,15,1,16
"745",10,11,9,8,5,7,3,6,12,4,13,14,15,1,2,16
"746",6,8,9,7,2,10,12,11,13,5,14,4,15,3,1,16
"747",7,10,11,8,5,4,9,6,13,12,15,14,3,1,2,16
"748",6,11,5,10,8,9,13,7,12,4,3,14,15,1,2,16
"749",8,12,7,9,11,6,2,4,5,10,13,3,14,15,16,1
"750",7,9,12,6,8,11,4,10,5,13,3,14,2,1,15,16
"751",11,7,6,8,10,9,4,5,12,3,15,13,14,1,2,16
"752",9,6,10,7,8,11,13,4,5,12,14,3,2,15,16,1
"753",6,8,11,7,9,10,12,5,1,4,13,14,2,3,16,15
"754",8,10,11,9,6,7,12,5,4,3,13,14,15,2,1,16
"755",11,9,6,8,7,10,5,4,12,13,14,3,1,15,2,16
"756",9,13,12,8,10,11,6,5,7,3,4,15,14,2,1,16
"757",10,9,6,7,8,11,5,12,4,13,3,14,15,2,16,1
"758",8,9,7,6,11,5,10,12,4,13,14,3,2,1,15,16
"759",6,7,10,13,11,9,12,5,8,4,14,3,15,2,16,1
"760",11,8,9,7,6,12,5,10,4,15,13,3,14,2,1,16
"761",11,8,14,5,7,9,10,6,12,13,4,3,15,2,1,16
"762",10,12,9,7,8,11,6,13,4,5,16,3,14,1,15,2
"763",11,10,6,8,9,7,4,3,5,12,13,14,15,2,1,16
"764",6,8,11,7,12,9,10,13,5,16,4,15,3,14,2,1
"765",8,14,10,11,9,5,12,7,6,4,13,3,2,15,1,16
"766",12,8,13,7,6,9,10,11,5,4,2,3,14,15,1,16
"767",8,11,7,10,9,12,6,5,4,13,14,3,15,2,1,16
"768",9,6,8,7,10,11,5,12,4,1,13,14,3,15,2,16
"769",9,10,11,4,8,5,7,6,12,13,14,2,3,15,1,16
"770",9,7,11,10,8,5,6,3,12,2,13,4,15,14,1,16
"771",12,7,10,8,9,5,11,6,13,14,4,3,15,2,1,16
"772",7,9,10,11,5,8,6,12,2,13,3,4,15,14,1,16
"773",6,11,9,8,7,12,5,10,13,4,2,14,15,3,1,16
"774",11,8,5,7,10,9,12,4,6,13,3,16,14,15,1,2
"775",5,6,4,8,11,9,10,13,7,12,14,3,15,2,1,16
"776",7,5,10,6,11,8,9,12,3,4,13,14,15,2,1,16
"777",9,7,8,11,12,10,4,6,5,15,13,2,3,14,1,16
"778",7,9,12,6,8,10,11,5,4,13,14,15,3,2,1,16
"779",8,7,11,12,5,9,6,10,4,14,13,3,15,1,2,16
"780",7,8,9,13,5,11,6,12,10,14,4,2,3,15,16,1
"781",7,11,10,5,12,9,8,6,14,3,4,16,2,13,15,1
"782",7,5,10,9,8,12,6,11,14,3,13,4,2,15,16,1
"783",5,4,11,7,10,9,6,8,12,15,13,16,14,2,3,1
"784",5,9,11,6,7,8,10,13,4,12,14,3,2,15,1,16
"785",6,8,4,7,11,10,12,13,9,5,3,2,14,15,16,1
"786",8,7,10,6,11,4,3,9,5,13,14,12,15,2,16,1
"787",9,7,10,8,6,11,12,13,5,14,15,4,3,2,1,16
"788",7,9,10,8,12,6,5,11,13,3,14,4,15,16,2,1
"789",9,8,5,10,7,15,12,11,6,13,4,3,14,2,1,16
"790",8,9,11,7,6,10,5,12,4,13,15,14,3,2,16,1
"791",9,7,5,13,8,10,11,6,12,4,14,3,15,2,16,1
"792",10,8,7,11,9,3,13,6,12,4,5,14,2,1,15,16
"793",10,6,9,8,11,13,7,5,4,12,3,14,15,2,1,16
"794",7,13,9,10,5,12,8,6,11,4,3,15,14,16,2,1
"795",9,8,10,11,7,4,6,13,5,12,14,2,3,15,1,16
"796",9,10,11,7,8,6,12,13,5,16,4,14,3,15,2,1
"797",12,6,9,7,11,8,10,3,5,13,4,2,14,15,1,16
"798",9,4,7,11,13,6,10,5,8,12,2,14,3,15,16,1
"799",8,7,11,9,5,6,13,12,10,4,14,3,2,15,16,1
"800",7,12,9,8,10,5,11,6,13,4,14,3,2,15,16,1
"801",10,9,8,7,6,5,12,11,13,4,14,15,2,3,1,16
"802",9,11,10,7,6,14,5,8,13,4,3,12,15,2,16,1
"803",5,8,11,7,9,10,6,12,4,13,14,3,2,15,16,1
"804",9,7,11,6,12,5,4,8,10,13,14,3,2,15,16,1
"805",10,11,9,6,7,4,8,12,5,14,3,13,2,15,16,1
"806",8,5,7,11,9,10,6,12,14,4,13,2,3,16,1,15
"807",7,14,10,6,9,11,13,8,3,12,5,4,16,2,15,1
"808",9,13,10,11,7,5,8,6,12,3,4,15,14,2,16,1
"809",12,5,10,6,9,8,7,13,3,11,4,2,14,16,15,1
"810",7,11,12,8,10,6,9,4,5,13,3,15,14,1,16,2
"811",6,12,10,8,4,5,11,7,9,2,14,13,15,3,1,16
"812",6,10,11,9,7,8,4,5,12,13,14,2,15,3,1,16
"813",5,9,8,12,10,7,11,6,4,3,13,15,14,2,16,1
"814",10,8,13,6,7,9,12,11,5,4,14,3,15,2,16,1
"815",8,11,6,9,7,4,10,13,12,5,2,3,14,15,16,1
"816",8,12,7,9,11,10,5,6,13,4,3,14,2,15,1,16
"817",9,8,10,11,4,12,6,13,15,7,14,5,2,3,16,1
"818",9,11,5,12,7,6,8,10,13,4,3,14,2,15,1,16
"819",8,6,10,7,5,9,12,11,13,14,4,15,3,2,16,1
"820",8,5,12,6,14,13,9,7,11,10,4,3,2,15,16,1
"821",10,12,5,7,6,8,11,13,9,3,4,14,2,15,1,16
"822",10,9,11,5,7,8,12,6,3,4,13,14,1,16,2,15
"823",6,9,8,11,10,7,12,5,3,16,4,14,13,15,2,1
"824",9,7,10,8,5,3,6,11,12,14,4,13,2,15,1,16
"825",7,6,9,5,10,8,11,12,13,4,14,3,2,15,1,16
"826",10,9,6,11,12,7,5,3,8,13,4,14,15,2,1,16
"827",9,8,7,10,11,6,5,4,12,13,14,3,2,15,1,16
"828",8,6,10,11,9,7,3,12,5,14,13,4,2,15,1,16
"829",9,6,4,10,8,7,5,3,12,11,15,13,14,1,2,16
"830",10,8,9,5,13,6,11,4,7,12,3,14,15,16,2,1
"831",6,8,11,5,7,10,9,13,12,4,14,3,2,15,16,1
"832",9,10,6,7,13,5,8,12,14,11,15,4,3,16,2,1
"833",6,10,8,11,7,4,9,5,13,12,14,3,16,15,1,2
"834",7,11,8,6,10,9,5,13,4,12,3,14,15,2,16,1
"835",8,10,7,6,9,11,5,12,3,13,4,14,2,15,1,16
"836",8,13,7,6,10,9,4,12,11,5,14,2,3,15,1,16
"837",8,5,9,11,6,7,4,10,12,13,3,14,15,16,1,2
"838",10,6,8,9,7,11,5,13,12,14,15,4,3,2,1,16
"839",9,12,6,10,8,11,7,13,14,5,4,3,1,15,2,16
"840",10,8,9,6,12,7,11,13,5,4,3,14,2,1,15,16
"841",9,8,6,10,11,7,12,5,14,13,4,15,3,2,16,1
"842",4,12,9,7,13,8,11,6,5,10,3,2,14,15,16,1
"843",9,10,7,8,11,6,12,5,4,3,13,14,15,2,16,1
"844",12,9,11,10,13,8,6,7,4,5,2,16,3,14,15,1
"845",8,7,11,10,9,5,6,4,13,12,14,3,15,2,1,16
"846",8,7,9,10,12,6,11,5,4,13,3,2,14,15,1,16
"847",11,10,12,9,8,6,7,5,13,14,4,3,2,15,1,16
"848",9,5,7,12,4,3,10,8,6,13,11,14,2,15,16,1
"849",7,8,11,6,5,12,10,4,9,13,14,3,15,2,16,1
"850",8,10,9,5,13,7,6,11,3,12,4,14,15,2,1,16
"851",10,7,8,9,6,11,14,5,12,4,3,13,2,15,1,16
"852",8,3,7,9,13,11,6,10,12,5,4,14,15,2,1,16
"853",7,5,10,8,11,9,12,4,6,13,15,14,3,2,1,16
"854",7,8,10,9,13,11,6,5,12,2,4,14,3,15,16,1
"855",10,7,5,8,9,12,11,6,4,3,14,13,2,15,16,1
"856",10,11,8,9,6,7,5,14,12,4,13,15,3,2,1,16
"857",10,7,8,4,9,12,13,11,5,14,6,3,15,1,2,16
"858",11,9,6,4,10,7,8,12,5,14,3,13,15,16,2,1
"859",6,8,10,9,7,11,5,12,4,13,14,3,15,2,1,16
"860",8,11,6,9,10,12,4,7,15,13,5,14,3,2,1,16
"861",9,7,10,8,12,6,5,13,11,4,14,3,15,1,2,16
"862",10,7,6,9,8,12,5,4,13,14,11,15,3,2,16,1
"863",10,11,12,8,6,9,7,5,3,13,4,15,14,2,1,16
"864",11,8,10,7,9,6,12,4,13,5,14,3,2,15,1,16
"865",7,8,6,12,14,10,9,11,5,4,13,15,2,3,16,1
"866",5,12,14,7,9,11,8,4,6,10,13,2,15,3,1,16
"867",11,9,8,12,7,10,6,5,13,3,4,14,15,2,1,16
"868",9,13,8,7,14,11,10,4,6,5,12,3,1,2,15,16
"869",10,8,9,6,5,7,11,12,4,15,14,13,3,16,2,1
"870",5,9,8,11,14,7,13,10,6,12,4,3,15,16,1,2
"871",7,12,9,10,6,11,8,5,3,13,1,4,2,14,15,16
"872",8,13,6,10,9,11,5,7,14,12,4,15,3,2,16,1
"873",7,9,11,10,13,2,6,8,5,3,4,12,14,15,16,1
"874",12,8,7,10,9,13,6,11,14,5,4,3,15,16,1,2
"875",9,10,11,8,15,7,6,12,13,5,4,14,3,2,16,1
"876",9,10,7,5,4,8,12,6,11,13,14,3,2,15,1,16
"877",9,8,7,13,10,11,5,6,12,4,14,1,15,3,2,16
"878",6,10,9,7,11,8,12,14,13,5,4,3,1,2,15,16
"879",11,6,8,7,9,10,5,4,12,14,3,13,2,15,16,1
"880",5,12,8,9,10,7,13,6,11,3,4,14,15,2,1,16
"881",7,9,12,6,8,5,10,4,11,3,13,1,14,2,15,16
"882",10,11,8,6,7,9,14,13,4,12,5,15,3,16,1,2
"883",10,8,7,9,11,12,6,2,5,4,13,3,16,14,15,1
"884",12,9,8,6,11,7,5,10,14,3,4,13,16,15,2,1
"885",6,8,7,11,10,9,13,12,5,4,14,3,15,1,2,16
"886",10,9,13,8,6,7,11,3,4,12,5,15,14,2,1,16
"887",8,9,6,7,11,10,5,4,14,3,12,13,15,1,2,16
"888",11,9,10,8,12,6,7,4,3,5,13,14,15,2,1,16
"889",9,11,12,10,8,7,6,3,13,4,14,5,2,15,16,1
"890",8,6,7,9,12,10,11,5,4,13,14,3,2,15,16,1
"891",8,10,6,3,7,9,5,11,13,12,4,14,2,15,1,16
"892",8,12,7,5,9,10,6,11,4,13,3,14,2,15,1,16
"893",7,5,8,9,6,11,10,4,14,12,13,15,3,2,16,1
"894",9,10,8,7,11,12,3,6,13,5,14,4,15,2,16,1
"895",8,11,7,12,10,6,9,5,3,13,4,14,2,15,16,1
"896",9,7,11,6,8,10,5,13,12,4,14,3,2,15,1,16
"897",6,11,15,7,10,9,8,4,12,5,3,13,14,2,16,1
"898",9,10,7,8,6,5,12,11,13,4,3,14,15,2,1,16
"899",5,9,10,7,11,12,8,6,13,4,3,14,2,1,15,16
"900",10,9,7,5,8,4,12,6,11,13,3,14,2,15,16,1
"901",8,9,10,7,12,14,6,11,5,4,3,13,1,15,2,16
"902",8,10,4,11,7,9,6,5,12,1,2,13,14,3,15,16
"903",8,7,11,12,9,6,4,10,5,13,15,3,2,14,1,16
"904",9,8,10,6,11,7,5,12,13,1,16,4,14,3,15,2
"905",8,12,9,11,7,10,1,6,13,5,4,14,2,3,15,16
"906",8,10,9,11,7,6,12,4,5,13,2,14,3,15,16,1
"907",12,7,10,13,9,8,6,5,11,4,14,15,3,2,1,16
"908",6,8,7,10,9,5,12,11,3,13,15,4,2,14,1,16
"909",10,11,7,9,6,13,8,12,5,4,14,16,2,3,15,1
"910",9,6,7,10,5,12,8,13,11,4,14,3,2,1,15,16
"911",7,5,10,9,11,8,6,12,4,15,13,14,3,2,16,1
"912",9,10,5,8,7,12,11,6,4,13,14,3,15,2,16,1
"913",8,7,10,12,4,9,6,11,13,5,3,2,14,15,1,16
"914",10,9,12,6,7,8,11,5,4,13,16,3,14,2,15,1
"915",8,5,7,12,9,11,6,10,4,13,14,15,2,3,1,16
"916",10,6,8,7,9,4,5,11,12,3,14,13,15,2,16,1
"917",5,9,10,8,7,6,13,11,12,4,3,14,15,2,16,1
"918",8,11,12,9,10,7,5,6,13,4,15,14,3,2,16,1
"919",9,10,13,11,12,7,8,6,5,4,14,3,15,2,16,1
"920",13,8,11,5,7,10,9,6,12,14,3,4,2,15,16,1
"921",8,11,9,6,4,10,7,12,5,3,2,14,13,15,1,16
"922",8,10,6,7,11,9,12,4,5,13,16,2,1,3,14,15
"923",11,7,8,6,10,12,9,5,4,13,3,14,15,2,16,1
"924",8,6,11,5,7,4,9,12,13,3,14,10,2,1,15,16
"925",8,10,7,6,9,5,11,4,3,12,2,13,14,16,15,1
"926",9,8,10,12,7,11,4,5,6,13,14,2,3,15,1,16
"927",7,9,12,10,6,8,11,5,13,4,3,14,2,15,16,1
"928",8,11,10,6,9,12,7,5,3,13,1,4,15,2,14,16
"929",6,11,7,8,13,10,9,5,12,3,4,15,14,2,16,1
"930",9,5,8,7,6,11,10,12,13,14,4,3,2,16,15,1
"931",8,11,9,7,12,10,5,13,6,4,3,14,1,15,2,16
"932",7,4,10,11,9,8,6,5,12,13,2,14,3,16,15,1
"933",8,10,5,6,9,12,4,7,11,14,13,3,2,15,1,16
"934",10,9,14,5,6,7,11,4,12,8,13,2,16,3,15,1
"935",6,8,9,10,13,4,7,5,11,12,2,14,15,3,16,1
"936",12,8,13,6,11,7,3,4,10,5,9,14,2,15,16,1
"937",12,8,7,9,13,11,10,5,3,6,14,4,2,16,15,1
"938",10,12,11,8,5,9,6,7,13,4,3,15,14,1,2,16
"939",13,11,7,5,9,8,6,10,12,4,14,3,2,1,15,16
"940",12,10,7,5,8,9,11,6,4,13,14,3,1,2,15,16
"941",5,9,11,8,13,6,7,10,12,4,14,3,15,2,16,1
"942",6,12,7,9,11,8,10,5,1,4,13,14,3,15,2,16
"943",6,11,9,7,10,4,8,14,12,5,3,13,15,2,16,1
"944",9,8,10,12,6,7,5,11,4,13,3,2,14,15,1,16
"945",9,8,5,7,11,6,10,12,13,4,2,14,1,3,15,16
"946",10,9,8,11,7,13,6,5,12,4,14,3,15,16,2,1
"947",9,10,6,8,7,12,11,5,13,14,4,2,3,15,1,16
"948",6,9,10,8,7,11,5,4,12,13,3,2,14,15,16,1
"949",8,9,6,5,10,13,11,7,15,14,4,12,3,2,1,16
"950",8,6,13,12,7,11,10,9,4,5,3,14,2,16,15,1
"951",9,8,7,11,5,10,12,6,13,4,14,1,3,15,2,16
"952",10,7,6,8,9,12,13,5,11,2,4,3,14,1,15,16
"953",11,9,8,10,12,4,14,7,6,5,3,13,15,2,16,1
"954",8,9,10,11,7,6,13,5,14,12,4,16,3,2,15,1
"955",7,8,9,10,11,13,6,12,4,3,14,5,2,16,15,1
"956",5,6,9,8,7,10,13,11,12,3,4,14,15,2,16,1
"957",8,11,9,10,12,6,7,13,5,4,14,3,16,2,1,15
"958",10,9,7,11,4,12,6,8,13,5,2,14,3,15,16,1
"959",5,6,10,9,13,11,7,12,8,4,15,3,14,2,1,16
"960",9,4,6,10,7,8,5,13,11,12,14,16,2,3,1,15
"961",10,6,9,5,8,7,12,11,13,4,3,14,2,1,16,15
"962",9,11,10,8,7,13,6,12,4,5,3,14,15,2,1,16
"963",11,8,10,9,7,5,12,4,6,13,3,14,15,16,2,1
"964",11,7,8,13,6,5,9,12,10,4,14,3,2,15,1,16
"965",7,6,10,9,12,11,4,8,14,5,15,13,3,2,1,16
"966",6,10,7,8,14,11,9,5,13,12,15,4,16,3,2,1
"967",4,9,7,8,11,10,12,6,2,5,13,14,3,15,16,1
"968",9,8,7,6,10,4,11,13,12,5,3,14,2,15,1,16
"969",12,10,6,8,4,9,5,7,11,13,14,3,15,1,2,16
"970",4,8,11,10,9,7,12,6,5,13,14,2,3,15,16,1
"971",9,8,10,12,6,7,11,5,4,13,3,14,16,2,15,1
"972",8,11,7,5,9,13,4,10,12,15,6,14,3,16,1,2
"973",12,9,10,11,7,8,13,6,5,3,14,2,15,4,1,16
"974",5,9,12,7,10,8,6,13,11,4,14,3,2,15,16,1
"975",5,11,8,9,7,10,4,6,13,12,3,14,2,1,15,16
"976",10,7,9,8,3,11,5,6,12,14,13,4,2,15,16,1
"977",5,9,6,10,8,7,13,11,15,12,3,2,4,14,16,1
"978",6,7,11,10,8,12,4,9,5,13,3,14,15,2,16,1
"979",12,4,8,6,7,5,10,11,9,3,2,14,13,15,16,1
"980",7,9,6,5,10,11,8,12,4,13,14,3,16,2,15,1
"981",9,11,8,10,7,6,5,12,13,3,4,14,2,15,16,1
"982",7,10,9,8,6,11,14,13,5,4,12,3,15,2,1,16
"983",7,8,6,10,9,11,12,5,13,4,14,15,3,2,16,1
"984",10,9,4,8,7,5,6,11,15,13,12,3,14,2,16,1
"985",7,11,6,5,8,10,4,12,9,3,13,15,14,2,1,16
"986",5,9,10,7,8,4,11,6,12,13,3,14,15,2,1,16
"987",10,6,8,7,9,11,13,5,12,4,2,3,15,14,1,16
"988",7,6,8,10,5,13,9,11,4,12,3,14,2,15,1,16
"989",6,9,4,7,12,8,10,5,11,13,15,14,2,3,16,1
"990",9,12,8,7,6,10,5,11,4,13,14,15,3,2,1,16
"991",7,10,8,6,15,9,12,11,5,13,4,2,3,14,1,16
"992",8,11,6,10,12,9,5,7,13,4,14,16,3,15,2,1
"993",11,9,13,7,8,6,4,5,10,12,3,14,15,2,16,1
"994",9,8,6,10,11,13,7,14,12,5,4,15,3,2,1,16
"995",8,9,7,6,5,11,10,4,13,12,1,14,2,3,15,16
"996",9,11,7,8,5,10,13,6,4,12,14,3,1,15,2,16
"997",10,9,11,8,6,5,7,13,4,12,3,14,2,16,15,1
"998",10,6,8,9,7,5,3,12,11,14,4,13,1,15,2,16
"999",10,8,6,9,7,12,4,11,5,13,14,3,2,15,1,16
"1000",12,9,10,8,5,7,6,11,4,13,3,2,15,14,16,1
"1001",9,10,6,8,5,12,7,14,11,4,13,15,3,2,16,1
"1002",6,5,8,7,10,9,11,13,12,4,3,14,2,1,15,16
"1003",10,8,9,7,6,11,13,3,12,5,4,14,2,15,16,1
"1004",9,8,7,11,10,3,5,12,13,2,6,4,14,15,16,1
"1005",6,9,8,10,7,4,11,13,5,12,3,2,16,14,15,1
"1006",10,11,8,9,4,5,6,13,7,14,12,3,2,15,16,1
"1007",9,10,12,4,7,11,6,8,5,13,14,15,3,2,1,16
"1008",6,8,7,10,12,9,11,13,15,5,4,3,16,14,2,1
"1009",8,9,10,5,11,7,6,13,4,12,2,14,3,1,15,16
"1010",7,10,9,12,11,8,4,5,6,3,13,15,16,14,2,1
"1011",3,7,9,11,4,8,10,12,6,14,5,13,1,15,2,16
"1012",6,9,5,11,7,8,10,13,12,4,15,14,3,1,2,16
"1013",10,9,7,5,8,6,12,4,11,13,3,14,1,16,2,15
"1014",11,8,7,10,9,4,6,5,13,3,12,15,14,2,16,1
"1015",5,8,9,12,6,11,7,10,4,3,13,14,15,2,16,1
"1016",7,8,9,4,6,11,12,10,13,14,5,3,2,15,1,16
"1017",7,9,8,10,11,12,5,13,3,4,6,14,15,2,1,16
"1018",6,3,10,7,13,9,11,8,5,12,4,14,2,16,15,1
"1019",9,10,11,5,7,6,8,12,13,4,15,14,3,2,1,16
"1020",6,9,10,11,12,4,7,8,5,13,15,14,3,1,2,16
"1021",7,9,11,4,8,10,5,12,6,13,3,2,15,14,1,16
"1022",9,7,10,5,8,12,11,3,14,6,4,13,15,2,16,1
"1023",6,11,5,9,4,8,7,3,12,10,13,14,2,15,16,1
"1024",9,10,8,12,7,13,6,11,5,4,14,3,2,15,1,16
"1025",7,8,9,10,5,3,6,4,11,12,13,14,2,15,1,16
"1026",10,6,7,8,4,5,9,11,12,13,14,15,3,16,2,1
"1027",9,7,6,8,10,5,11,4,12,13,14,3,15,1,2,16
"1028",8,10,11,6,13,4,9,7,14,12,5,3,2,15,1,16
"1029",10,12,8,9,6,7,5,13,11,4,14,3,15,16,2,1
"1030",8,9,5,11,10,7,6,13,12,4,3,14,15,1,2,16
"1031",5,8,11,9,6,10,7,12,14,4,3,13,16,15,2,1
"1032",7,6,5,9,8,10,14,3,11,12,13,15,4,2,1,16
"1033",11,7,9,10,3,4,6,8,5,12,13,14,15,16,2,1
"1034",7,6,10,8,12,9,13,11,3,5,16,4,15,14,1,2
"1035",7,8,6,9,10,11,5,12,13,4,2,14,16,3,15,1
"1036",11,6,9,8,7,10,5,14,4,13,12,3,2,15,1,16
"1037",5,7,10,11,9,8,12,14,2,6,4,13,3,15,1,16
"1038",8,7,11,6,10,9,13,5,4,12,16,14,3,2,15,1
"1039",9,10,8,6,5,7,12,11,4,13,1,15,3,14,2,16
"1040",8,7,10,6,5,9,12,13,11,3,4,14,1,2,15,16
"1041",7,8,6,9,12,10,5,11,14,13,4,3,15,2,1,16
"1042",10,11,6,12,8,9,7,5,4,13,3,14,2,15,1,16
"1043",8,9,5,7,10,11,6,12,13,4,15,14,3,2,16,1
"1044",8,11,7,10,12,5,6,4,9,13,14,15,3,2,16,1
"1045",9,11,10,8,6,7,12,4,13,5,3,14,1,15,2,16
"1046",11,8,5,6,7,10,12,4,9,14,13,3,15,2,16,1
"1047",8,11,9,4,10,6,14,12,5,13,7,15,3,1,2,16
"1048",6,10,8,11,5,14,7,9,13,12,4,3,15,2,1,16
"1049",9,8,10,12,11,7,4,5,6,13,3,2,14,16,15,1
"1050",8,6,9,11,7,12,10,5,3,4,13,2,14,15,16,1
"1051",8,6,10,9,11,5,7,13,12,4,14,15,3,2,16,1
"1052",9,4,10,7,8,12,5,11,6,14,2,13,3,15,1,16
"1053",8,5,9,10,11,6,7,14,4,12,13,3,2,15,1,16
"1054",7,12,5,8,10,6,9,11,14,3,13,4,2,15,16,1
"1055",7,9,11,8,13,5,6,10,12,4,16,3,15,14,2,1
"1056",6,9,10,7,4,13,12,8,5,11,3,14,15,16,1,2
"1057",7,9,10,11,8,5,4,6,12,13,14,3,15,2,1,16
"1058",7,8,6,11,13,10,9,5,12,4,14,3,15,2,1,16
"1059",8,11,6,7,10,9,5,12,13,14,4,3,2,15,16,1
"1060",9,10,7,5,8,11,6,12,4,13,14,3,1,2,15,16
"1061",8,7,9,10,6,5,11,4,12,13,3,14,15,2,16,1
"1062",8,7,10,5,6,3,9,11,4,15,12,13,14,1,2,16
"1063",9,8,6,10,5,11,12,7,3,13,4,2,14,15,1,16
"1064",4,7,10,8,9,6,11,12,5,2,3,13,14,1,15,16
"1065",11,6,7,12,9,10,5,8,13,4,3,2,15,14,1,16
"1066",6,9,10,4,8,13,11,12,7,5,3,15,16,2,14,1
"1067",6,10,9,8,11,12,7,5,4,13,3,14,16,2,15,1
"1068",7,9,8,11,5,6,10,4,12,13,14,3,2,15,16,1
"1069",8,6,7,10,9,11,5,12,13,4,14,15,2,3,16,1
"1070",10,6,9,4,8,15,11,13,7,5,12,2,3,14,1,16
"1071",9,7,10,8,6,11,4,13,12,5,2,15,14,3,16,1
"1072",8,12,11,9,7,5,6,10,4,3,13,2,14,15,1,16
"1073",9,3,10,6,7,13,11,8,5,12,14,4,15,2,1,16
"1074",12,9,8,6,13,7,2,5,10,11,4,14,3,15,1,16
"1075",8,13,10,11,6,7,5,4,9,14,12,15,3,2,1,16
"1076",4,8,11,9,6,10,12,7,13,5,14,3,2,15,16,1
"1077",7,4,10,8,5,11,12,9,3,6,13,2,14,15,1,16
"1078",6,5,10,8,7,9,11,4,12,3,13,14,2,15,1,16
"1079",7,11,8,6,9,14,10,12,5,4,13,2,3,1,15,16
"1080",10,11,6,8,7,5,12,9,13,4,16,14,3,2,15,1
"1081",10,6,4,11,8,9,7,12,13,5,2,14,3,1,15,16
"1082",9,8,10,6,7,5,13,12,11,3,15,1,2,16,4,14
"1083",9,5,12,6,8,7,13,11,10,14,4,3,2,15,1,16
"1084",8,11,9,10,7,12,6,13,5,4,14,3,15,2,1,16
"1085",10,8,9,4,6,11,13,7,12,5,3,14,2,1,15,16
"1086",11,7,10,9,6,8,2,12,5,13,14,4,15,3,16,1
"1087",10,7,8,6,11,9,13,12,5,4,14,15,3,2,1,16
"1088",8,12,11,7,6,13,9,10,5,3,4,14,2,15,1,16
"1089",8,9,7,10,5,6,12,4,11,14,3,13,15,2,16,1
"1090",4,7,9,8,6,12,11,10,5,14,13,3,15,2,16,1
"1091",6,12,7,8,9,11,10,5,4,2,3,15,13,14,16,1
"1092",11,7,8,5,6,12,10,9,4,13,14,3,1,2,16,15
"1093",11,7,10,2,9,4,6,8,3,12,5,13,14,16,1,15
"1094",11,6,10,9,7,8,4,13,5,12,3,14,1,15,2,16
"1095",6,10,8,11,9,7,12,5,4,15,13,14,3,2,16,1
"1096",11,7,6,13,5,8,10,9,12,4,3,2,14,16,15,1
"1097",7,8,10,6,5,9,11,12,4,13,3,16,14,2,15,1
"1098",10,8,11,7,5,6,9,12,4,3,13,14,2,15,1,16
"1099",9,8,5,11,10,7,6,12,4,13,15,2,14,3,16,1
"1100",8,9,10,4,7,6,11,12,5,14,13,15,3,2,16,1
"1101",11,7,9,8,6,10,12,5,15,3,4,2,14,13,16,1
"1102",12,9,8,7,11,6,5,13,10,4,14,2,15,3,1,16
"1103",8,13,9,10,7,11,12,6,5,3,14,4,2,15,16,1
"1104",5,10,13,9,7,8,11,6,12,4,3,2,1,14,15,16
"1105",9,7,4,12,6,11,8,10,13,5,3,2,14,15,16,1
"1106",7,11,10,8,6,9,5,14,13,4,12,3,15,2,1,16
"1107",8,6,9,11,12,13,7,5,10,4,14,3,15,2,16,1
"1108",10,9,4,8,11,5,7,13,6,3,12,15,14,16,2,1
"1109",6,9,8,7,10,5,11,14,4,12,13,15,3,2,1,16
"1110",6,8,7,9,10,5,11,3,14,12,4,2,15,13,1,16
"1111",8,5,9,6,7,10,11,13,12,14,15,3,4,2,1,16
"1112",9,10,8,12,7,11,4,5,13,6,3,14,15,16,2,1
"1113",8,9,5,6,7,10,3,11,13,12,4,16,14,15,2,1
"1114",9,6,7,10,12,8,4,1,5,11,13,14,3,2,16,15
"1115",7,10,8,6,9,12,11,13,5,4,3,14,1,15,2,16
"1116",7,9,11,8,6,5,12,10,13,14,4,3,2,15,16,1
"1117",8,9,10,7,6,12,11,13,4,5,3,14,15,2,16,1
"1118",11,7,4,10,5,8,9,6,12,13,3,14,15,2,16,1
"1119",5,11,7,6,3,10,9,12,8,4,14,2,13,15,1,16
"1120",9,8,6,11,7,10,5,12,14,13,4,1,3,15,16,2
"1121",9,7,10,12,8,11,6,5,3,14,13,4,15,2,1,16
"1122",7,10,11,8,12,6,5,9,13,4,3,14,1,15,2,16
"1123",6,7,9,8,10,12,11,5,4,13,15,3,14,2,16,1
"1124",11,7,12,9,8,5,10,6,14,4,3,13,2,15,1,16
"1125",10,6,9,8,12,11,5,7,4,14,1,3,13,2,15,16
"1126",10,7,5,9,11,8,13,4,12,6,15,14,3,1,2,16
"1127",8,9,5,6,10,7,11,12,13,4,15,14,2,3,16,1
"1128",11,8,6,7,9,4,10,12,15,3,13,2,5,14,16,1
"1129",13,10,7,8,5,11,9,12,3,6,15,4,14,2,1,16
"1130",8,10,5,9,7,11,6,12,4,13,3,2,14,15,1,16
"1131",8,11,6,10,7,9,4,12,5,13,3,14,15,2,16,1
"1132",11,6,12,10,9,7,8,3,5,4,13,2,14,15,1,16
"1133",9,7,6,11,8,10,12,5,14,4,13,3,15,16,2,1
"1134",10,13,9,6,8,7,11,12,15,5,14,4,2,3,16,1
"1135",8,10,5,9,7,13,11,6,12,14,4,3,15,1,16,2
"1136",10,12,7,8,9,6,11,5,4,3,14,13,15,2,1,16
"1137",7,8,13,11,10,9,5,6,3,12,4,2,15,14,16,1
"1138",9,11,10,7,5,8,4,6,12,13,3,15,14,2,16,1
"1139",9,8,7,5,12,6,3,11,10,13,4,14,2,16,15,1
"1140",6,9,10,7,11,13,8,12,5,4,15,3,16,14,1,2
"1141",9,10,7,11,4,8,6,13,3,5,12,14,15,2,1,16
"1142",9,11,5,6,8,7,4,10,14,13,12,3,2,15,16,1
"1143",10,5,6,8,9,7,12,13,11,14,3,4,2,15,16,1
"1144",7,8,9,10,13,6,11,4,12,15,5,3,2,14,1,16
"1145",7,5,8,6,3,10,9,12,11,4,13,14,15,1,16,2
"1146",10,7,11,8,5,9,12,13,6,3,4,15,14,16,2,1
"1147",10,8,13,12,5,9,11,6,7,14,4,16,3,15,2,1
"1148",6,5,9,8,12,10,4,11,7,15,14,13,3,2,1,16
"1149",10,8,7,9,13,11,5,6,12,3,4,14,15,2,16,1
"1150",7,10,6,5,8,11,9,12,4,13,3,14,15,1,2,16
"1151",10,9,7,12,8,13,4,11,5,6,3,14,2,1,15,16
"1152",11,10,5,7,6,8,9,13,12,16,4,15,14,3,2,1
"1153",8,4,11,10,9,6,7,13,15,5,12,14,3,2,16,1
"1154",6,7,10,11,9,8,5,3,4,12,2,13,14,15,1,16
"1155",6,2,7,5,9,8,12,10,11,13,4,3,14,15,1,16
"1156",9,8,6,10,4,11,12,3,7,5,15,13,14,2,16,1
"1157",9,6,7,10,11,8,13,5,12,4,2,14,3,15,1,16
"1158",9,7,3,12,10,8,6,11,5,4,13,15,14,16,2,1
"1159",11,5,10,6,7,9,8,13,4,12,14,2,15,3,16,1
"1160",7,9,6,10,8,11,13,5,12,4,14,3,15,2,1,16
"1161",8,4,6,7,9,11,10,12,5,14,13,1,3,2,15,16
"1162",12,9,5,7,8,6,10,3,11,4,13,14,15,2,16,1
"1163",8,7,6,9,5,10,11,12,13,14,4,3,15,2,1,16
"1164",8,10,7,11,5,6,9,12,13,4,3,14,2,15,1,16
"1165",10,9,8,4,13,5,12,11,7,6,2,14,3,15,1,16
"1166",9,7,8,6,10,11,12,5,2,13,4,3,14,15,1,16
"1167",11,12,7,10,8,9,6,5,13,4,3,14,15,2,16,1
"1168",9,12,8,11,5,14,7,10,6,13,4,3,2,15,1,16
"1169",10,4,12,8,7,11,9,5,6,13,2,14,3,1,15,16
"1170",11,7,8,12,6,9,10,5,4,15,13,14,3,2,1,16
"1171",5,6,7,11,10,9,8,13,12,4,14,3,2,15,16,1
"1172",4,11,12,9,10,8,3,6,7,13,5,14,16,15,2,1
"1173",10,8,11,5,9,4,6,7,12,15,13,14,2,3,1,16
"1174",7,13,10,9,4,6,12,11,5,8,3,1,14,2,15,16
"1175",8,10,7,12,9,6,5,11,3,4,13,14,15,2,16,1
"1176",7,9,8,6,11,10,12,14,5,13,4,3,2,15,16,1
"1177",8,11,10,9,7,6,14,12,5,13,4,2,1,3,15,16
"1178",13,7,10,8,9,12,6,5,4,11,14,3,15,2,16,1
"1179",10,9,6,8,12,7,11,2,14,4,13,5,3,1,15,16
"1180",9,7,4,6,8,10,5,11,3,12,14,2,13,15,1,16
"1181",5,11,8,6,9,7,13,10,4,12,3,15,14,2,1,16
"1182",7,6,8,9,12,10,5,4,11,13,3,14,2,16,15,1
"1183",6,11,10,7,9,4,8,5,12,13,15,3,14,2,1,16
"1184",6,4,8,10,13,7,9,11,5,12,2,3,15,14,16,1
"1185",12,10,8,9,6,11,7,13,5,3,2,1,15,14,4,16
"1186",10,9,1,8,7,5,6,12,14,11,13,3,15,4,2,16
"1187",9,8,12,13,7,10,11,6,5,4,15,3,1,14,2,16
"1188",8,10,7,9,5,12,6,3,13,11,4,2,15,14,16,1
"1189",6,11,8,7,9,15,4,12,10,13,14,5,3,2,1,16
"1190",8,6,3,7,9,10,11,5,12,14,4,2,13,15,16,1
"1191",13,9,8,10,7,11,6,12,15,5,4,14,3,1,2,16
"1192",6,15,12,9,10,11,7,8,5,4,13,3,14,2,1,16
"1193",9,7,11,8,10,6,4,12,13,5,14,3,15,2,1,16
"1194",8,9,4,11,14,13,7,10,6,5,12,3,1,15,2,16
"1195",6,7,8,11,10,5,12,4,13,9,14,3,15,2,1,16
"1196",7,6,11,10,8,9,5,13,12,4,3,14,2,15,16,1
"1197",7,10,6,8,9,11,5,13,12,14,4,3,2,15,16,1
"1198",4,8,10,13,7,9,12,5,6,14,11,3,2,15,16,1
"1199",7,5,14,8,12,11,9,15,10,6,3,13,4,2,16,1
"1200",8,9,7,5,11,14,6,10,12,13,4,3,2,16,15,1
"1201",8,11,9,7,6,10,12,4,14,13,5,3,2,15,1,16
"1202",9,12,4,7,11,8,10,6,13,5,3,14,15,1,2,16
"1203",7,9,10,8,6,13,11,14,5,4,12,3,15,2,16,1
"1204",10,6,8,7,9,11,12,5,3,13,14,4,15,2,1,16
"1205",9,7,8,10,11,12,6,3,5,4,13,14,15,2,16,1
"1206",3,8,6,9,7,10,12,11,4,14,5,13,16,2,15,1
"1207",8,10,9,4,11,5,7,6,12,14,3,2,13,15,1,16
"1208",8,6,5,11,9,10,12,7,14,4,2,13,3,15,16,1
"1209",9,8,7,5,6,10,11,14,12,4,13,3,15,2,16,1
"1210",9,5,6,7,4,10,8,13,11,12,14,1,3,15,2,16
"1211",12,10,11,9,6,7,3,13,8,5,14,4,15,2,1,16
"1212",9,8,10,7,12,11,6,4,15,5,13,14,3,2,16,1
"1213",8,9,11,10,12,7,6,5,4,3,13,14,15,2,16,1
"1214",11,4,7,12,9,8,6,5,10,3,13,15,2,14,16,1
"1215",11,9,10,8,4,6,7,5,12,3,13,14,1,2,15,16
"1216",7,9,8,14,11,10,6,4,12,15,13,5,3,2,1,16
"1217",6,8,9,7,10,11,13,5,12,3,15,4,14,16,1,2
"1218",9,7,10,8,5,12,4,6,11,13,14,3,15,2,16,1
"1219",9,4,6,7,5,8,12,11,10,1,14,13,3,15,2,16
"1220",11,9,10,8,5,12,7,4,6,13,14,15,2,3,16,1
"1221",7,3,9,8,11,10,6,12,5,13,4,14,15,16,2,1
"1222",8,7,5,9,12,10,14,11,6,4,3,13,1,2,15,16
"1223",10,6,9,8,5,4,7,12,11,13,3,15,14,2,1,16
"1224",8,9,6,10,11,7,12,13,5,4,3,2,14,15,1,16
"1225",10,6,8,11,9,7,12,4,13,5,1,14,3,15,2,16
"1226",11,7,5,13,6,12,9,10,4,8,3,15,14,16,2,1
"1227",8,9,7,10,6,11,12,5,13,4,14,3,1,2,15,16
"1228",10,9,8,7,12,5,11,6,15,13,4,14,3,2,1,16
"1229",6,11,9,13,10,7,8,5,12,4,3,14,15,1,2,16
"1230",7,5,8,9,10,12,13,6,11,4,3,14,15,2,1,16
"1231",7,15,10,11,9,5,13,14,8,6,4,12,2,3,16,1
"1232",6,5,8,7,4,11,9,13,10,12,14,3,15,2,1,16
"1233",8,12,10,6,4,9,11,7,13,5,3,14,15,2,16,1
"1234",7,9,11,5,8,6,10,13,12,14,4,3,15,2,1,16
"1235",10,6,12,13,9,8,7,11,14,4,5,3,15,1,2,16
"1236",8,9,10,6,4,7,12,11,3,5,13,14,15,2,16,1
"1237",7,8,9,10,12,11,6,13,5,4,14,3,2,1,15,16
"1238",8,9,10,12,6,7,4,14,5,11,13,3,2,16,15,1
"1239",14,8,10,12,9,6,7,11,3,5,13,4,15,2,1,16
"1240",8,9,6,7,10,4,12,5,13,11,2,14,16,3,15,1
"1241",10,8,9,7,5,11,6,12,4,3,14,13,15,16,2,1
"1242",8,6,3,9,11,10,7,12,5,14,4,13,15,2,16,1
"1243",8,11,9,7,6,10,13,5,12,3,4,15,14,2,1,16
"1244",7,9,11,8,6,12,13,10,14,5,4,3,15,2,1,16
"1245",9,10,7,8,5,6,14,11,12,13,4,15,2,3,16,1
"1246",3,7,10,5,8,6,11,9,13,12,4,14,15,2,1,16
"1247",9,8,10,13,11,6,5,7,4,12,3,2,14,15,1,16
"1248",10,8,6,9,11,7,2,5,12,13,3,4,14,15,1,16
"1249",9,10,6,7,12,5,8,11,14,13,4,2,15,3,16,1
"1250",12,11,10,9,5,8,6,7,4,15,13,14,3,2,1,16
"1251",11,10,8,7,13,3,9,12,5,6,15,4,14,1,2,16
"1252",12,11,8,9,4,10,6,14,7,5,13,3,15,16,2,1
"1253",10,11,7,9,8,6,12,5,13,3,4,2,15,14,16,1
"1254",8,7,11,9,6,14,10,4,5,13,12,3,15,2,1,16
"1255",11,7,6,9,5,12,10,8,13,15,4,14,3,2,1,16
"1256",9,10,7,8,2,6,3,12,5,11,4,13,14,16,15,1
"1257",8,9,6,11,10,7,5,12,13,4,3,14,2,16,15,1
"1258",8,9,7,10,12,11,6,4,13,5,3,14,2,1,15,16
"1259",8,6,11,9,5,7,10,12,4,13,14,3,15,2,16,1
"1260",10,7,6,11,3,12,8,9,5,4,14,13,2,15,1,16
"1261",9,7,6,12,8,5,10,3,11,4,13,14,2,15,1,16
"1262",9,13,7,12,8,6,10,11,5,4,14,3,1,15,2,16
"1263",12,9,4,8,10,7,6,5,11,14,3,13,15,2,16,1
"1264",12,10,7,5,8,9,11,6,13,14,4,1,3,2,15,16
"1265",7,8,4,11,6,10,9,12,13,5,15,3,14,2,1,16
"1266",8,9,11,10,5,7,6,13,12,3,14,2,4,16,15,1
"1267",9,8,6,7,11,10,14,5,12,15,4,13,3,2,1,16
"1268",8,9,13,4,10,7,12,11,6,5,3,14,1,15,2,16
"1269",6,9,8,10,4,7,5,12,3,11,13,14,2,15,1,16
"1270",9,6,7,11,8,10,13,12,4,5,3,14,16,15,2,1
"1271",5,8,6,10,7,9,12,11,15,4,13,3,2,14,1,16
"1272",8,4,10,9,7,11,5,6,12,1,14,13,3,2,15,16
"1273",9,4,12,8,5,10,11,7,6,13,3,14,2,15,1,16
"1274",6,8,9,10,7,3,11,5,13,12,4,14,16,2,1,15
"1275",9,6,8,13,7,10,11,5,12,3,2,4,14,16,15,1
"1276",9,7,13,6,12,8,10,4,3,5,11,14,2,15,1,16
"1277",5,4,8,12,11,10,7,13,9,6,14,3,1,15,2,16
"1278",6,12,7,10,8,9,15,14,11,13,5,4,2,3,1,16
"1279",8,14,10,7,9,11,5,4,13,6,12,15,3,2,16,1
"1280",8,10,7,6,9,12,11,14,16,13,5,15,1,3,2,4
"1281",13,4,9,8,11,12,7,6,5,10,3,14,2,15,1,16
"1282",7,11,9,5,8,12,10,4,6,14,2,13,3,15,1,16
"1283",7,9,8,10,6,11,15,5,13,4,12,3,14,2,16,1
"1284",10,11,5,8,7,9,15,13,12,6,4,14,1,2,3,16
"1285",9,7,8,12,11,10,4,5,6,15,13,14,3,2,16,1
"1286",5,7,9,12,6,10,8,4,11,13,14,3,2,16,15,1
"1287",10,8,9,11,6,5,12,7,13,4,3,2,14,15,1,16
"1288",7,6,10,9,12,8,4,5,11,13,14,15,3,1,2,16
"1289",7,10,11,5,9,8,6,12,3,13,14,4,2,15,1,16
"1290",10,6,9,7,3,12,8,11,5,4,13,14,2,15,16,1
"1291",11,7,6,9,8,10,12,5,3,4,13,2,14,15,16,1
"1292",6,10,8,5,7,11,9,12,4,13,15,14,3,16,2,1
"1293",12,9,7,8,5,6,10,11,14,13,3,15,4,2,16,1
"1294",6,8,9,7,11,10,15,12,5,4,14,13,3,2,16,1
"1295",10,11,5,4,8,7,9,13,6,12,3,15,16,14,2,1
"1296",6,10,12,9,7,8,11,13,5,4,14,3,15,2,1,16
"1297",6,9,8,11,7,10,5,12,13,16,3,4,14,1,2,15
"1298",10,8,7,6,12,11,9,5,13,4,15,3,14,16,1,2
"1299",8,9,12,13,6,10,7,11,5,14,4,15,3,2,16,1
"1300",10,8,12,7,11,6,9,13,5,4,14,15,3,2,16,1
"1301",6,7,4,8,10,11,13,12,9,5,2,14,3,1,15,16
"1302",7,8,11,9,10,6,13,5,14,12,4,3,15,1,2,16
"1303",7,8,6,10,13,11,15,9,12,4,5,3,14,1,2,16
"1304",8,9,10,11,7,6,12,5,4,13,2,3,14,16,15,1
"1305",9,10,11,7,6,8,5,4,15,12,13,14,3,2,16,1
"1306",8,7,9,10,3,6,12,14,11,4,5,13,2,16,15,1
"1307",8,9,6,12,7,5,10,11,13,14,4,3,2,15,16,1
"1308",11,12,4,6,9,13,10,8,7,5,3,14,2,15,16,1
"1309",10,12,8,7,9,5,6,11,13,4,16,14,15,3,2,1
"1310",10,8,11,6,7,9,13,4,5,2,3,12,14,16,1,15
"1311",7,12,9,13,10,11,8,6,5,4,3,14,2,15,16,1
"1312",9,7,6,8,13,11,10,12,14,4,5,3,16,2,15,1
"1313",9,5,8,15,11,6,10,7,12,14,4,13,3,2,1,16
"1314",13,9,3,8,12,7,10,5,6,11,4,14,1,15,2,16
"1315",10,12,7,5,8,9,13,11,6,4,14,3,1,2,16,15
"1316",9,10,8,11,6,13,7,12,14,3,5,4,15,2,16,1
"1317",7,9,6,11,8,5,10,4,12,14,13,2,3,15,16,1
"1318",8,7,9,12,10,11,5,4,6,13,3,15,2,1,14,16
"1319",9,10,8,11,7,6,13,12,5,14,2,4,3,15,1,16
"1320",8,7,6,10,12,9,13,5,11,4,15,3,14,2,16,1
"1321",10,5,7,9,6,13,11,8,14,12,4,3,2,15,16,1
"1322",12,6,9,11,10,7,8,5,4,13,15,14,3,2,1,16
"1323",10,9,8,7,12,5,6,4,11,3,13,2,14,1,15,16
"1324",7,6,5,8,9,11,12,10,13,3,4,14,2,15,16,1
"1325",8,12,9,7,13,11,10,5,6,4,14,3,2,1,15,16
"1326",9,11,7,6,8,10,4,5,13,12,14,3,15,16,1,2
"1327",10,6,8,11,9,7,2,14,12,4,5,3,13,15,1,16
"1328",12,9,8,7,6,10,11,4,5,3,14,13,2,15,16,1
"1329",7,6,8,9,5,10,11,4,3,12,13,14,2,15,16,1
"1330",10,6,8,7,9,13,11,4,3,12,5,14,15,2,1,16
"1331",7,10,9,11,8,12,13,6,4,5,3,14,1,15,2,16
"1332",11,8,7,10,9,12,6,5,4,14,13,3,16,15,2,1
"1333",7,6,11,10,12,9,8,5,4,13,3,14,2,16,15,1
"1334",12,11,8,9,4,5,10,7,13,6,14,15,3,2,16,1
"1335",6,13,7,9,8,11,3,10,12,4,15,5,14,16,2,1
"1336",7,8,9,6,10,5,13,11,12,3,2,4,15,14,16,1
"1337",7,10,9,8,4,5,11,12,13,6,3,14,15,2,1,16
"1338",7,11,4,3,9,8,10,6,5,12,13,14,2,15,1,16
"1339",8,7,12,11,10,6,9,2,5,13,4,3,15,14,16,1
"1340",9,13,8,5,11,7,10,6,12,1,4,14,3,2,15,16
"1341",12,9,10,5,6,8,7,11,4,13,14,16,3,1,2,15
"1342",11,10,7,12,6,13,9,8,4,14,5,15,3,2,16,1
"1343",7,10,9,8,13,11,5,12,6,4,2,3,14,15,1,16
"1344",11,8,6,9,7,12,10,5,13,14,4,3,2,1,15,16
"1345",6,9,13,3,12,8,10,11,7,5,4,14,16,2,15,1
"1346",11,6,9,5,8,13,10,7,12,3,4,14,15,2,16,1
"1347",12,6,8,9,10,11,7,13,4,5,3,14,15,1,2,16
"1348",8,6,7,5,9,4,10,11,12,13,14,3,15,2,1,16
"1349",7,8,9,10,11,12,5,13,6,4,3,14,15,2,1,16
"1350",9,8,10,6,7,11,12,4,3,13,5,14,2,15,16,1
"1351",8,12,10,7,6,9,11,4,5,2,13,14,3,15,1,16
"1352",7,6,5,8,9,10,13,2,11,12,14,4,15,3,16,1
"1353",11,8,10,9,7,6,5,12,4,14,3,13,2,15,1,16
"1354",10,8,5,7,9,12,6,11,4,13,3,14,15,2,1,16
"1355",12,7,8,9,13,4,6,10,11,5,14,3,15,2,1,16
"1356",6,9,11,10,7,8,12,4,5,14,13,3,2,15,1,16
"1357",7,8,12,11,9,5,10,6,2,14,4,13,3,15,1,16
"1358",7,8,10,11,6,5,9,12,13,4,14,3,1,2,15,16
"1359",5,6,10,11,7,9,8,12,13,4,15,14,3,2,16,1
"1360",8,7,13,5,11,6,10,12,9,4,14,15,3,16,2,1
"1361",6,11,8,9,10,7,3,12,1,5,4,13,15,14,2,16
"1362",9,7,12,8,10,6,11,5,3,4,13,2,14,15,1,16
"1363",9,8,11,7,3,10,6,12,5,4,13,14,2,15,16,1
"1364",9,6,15,8,12,11,7,10,13,5,3,4,14,16,2,1
"1365",10,8,7,11,12,9,6,4,2,5,3,13,15,14,1,16
"1366",6,11,7,8,10,13,9,14,5,12,3,4,2,15,16,1
"1367",10,7,6,9,11,8,4,5,13,12,2,3,14,1,15,16
"1368",6,9,11,7,10,8,12,5,13,3,2,4,14,15,16,1
"1369",11,10,7,6,13,12,8,9,14,5,3,4,15,2,16,1
"1370",7,11,12,6,9,5,8,10,14,13,4,15,3,2,1,16
"1371",5,9,10,6,8,4,7,11,12,13,2,3,15,14,1,16
"1372",8,6,5,10,9,11,7,12,13,3,4,14,2,15,16,1
"1373",8,7,9,10,5,6,11,4,13,14,12,2,3,16,15,1
"1374",11,7,9,8,6,4,12,10,5,3,13,16,14,15,2,1
"1375",7,9,12,8,10,6,11,3,5,4,13,14,15,2,16,1
"1376",4,5,6,7,9,8,11,12,10,13,14,3,15,2,1,16
"1377",10,9,8,4,11,7,12,5,6,14,2,3,15,13,16,1
"1378",7,6,10,8,9,11,14,12,15,5,13,4,3,2,1,16
"1379",10,8,7,5,11,9,12,4,6,3,14,13,2,15,1,16
"1380",13,6,9,7,8,11,10,3,12,5,4,15,14,2,1,16
"1381",9,8,7,6,10,11,5,12,2,4,13,3,14,15,16,1
"1382",6,8,7,11,9,10,5,12,4,13,14,3,2,15,16,1
"1383",5,4,10,8,11,6,9,7,12,13,14,2,3,15,16,1
"1384",9,5,10,14,12,8,7,11,4,6,3,2,13,16,15,1
"1385",6,10,7,8,9,11,14,5,4,13,12,3,16,2,15,1
"1386",4,7,9,8,10,11,6,5,12,13,14,3,2,1,15,16
"1387",5,10,8,9,11,7,12,6,4,13,3,14,15,2,16,1
"1388",10,11,9,4,8,6,7,14,12,13,3,5,2,1,16,15
"1389",5,9,11,6,13,12,10,7,8,4,14,2,3,15,16,1
"1390",11,9,4,10,8,7,13,6,3,12,5,14,15,2,1,16
"1391",7,6,8,9,10,13,11,12,5,4,3,14,2,15,1,16
"1392",6,8,10,7,11,9,5,13,12,3,4,1,14,15,2,16
"1393",10,7,9,6,11,4,8,5,12,13,3,14,2,15,16,1
"1394",10,5,8,6,4,11,12,9,7,13,14,3,15,2,1,16
"1395",10,8,12,7,6,9,11,13,4,3,5,14,2,1,16,15
"1396",12,9,6,7,8,11,5,4,10,3,13,14,15,2,1,16
"1397",9,11,12,6,8,2,10,7,4,13,5,14,3,15,1,16
"1398",9,7,11,10,14,12,8,6,5,13,2,15,3,4,16,1
"1399",14,10,11,6,7,8,9,12,5,13,4,16,3,1,2,15
"1400",8,9,11,10,7,6,5,12,13,4,14,3,15,2,1,16
"1401",7,9,8,10,12,5,11,6,3,4,13,14,15,2,16,1
"1402",8,9,7,10,12,11,13,6,5,14,4,3,15,2,16,1
"1403",9,10,11,5,12,8,7,6,13,3,14,4,2,15,1,16
"1404",12,8,6,9,7,10,11,14,13,5,4,15,3,2,16,1
"1405",7,8,9,10,6,12,5,11,13,3,4,14,1,15,2,16
"1406",11,8,9,10,6,7,4,12,13,5,14,3,15,2,1,16
"1407",9,10,8,5,7,4,6,12,11,13,3,14,15,2,1,16
"1408",11,10,13,9,5,8,14,7,6,12,3,4,15,2,1,16
"1409",11,10,9,8,7,6,12,5,3,14,13,15,4,16,2,1
"1410",12,9,7,6,10,5,8,11,4,15,13,14,3,16,2,1
"1411",10,7,6,8,9,5,11,3,4,14,12,13,2,15,1,16
"1412",10,9,7,8,6,11,12,5,4,13,14,3,2,15,1,16
"1413",9,7,6,12,8,11,10,13,5,3,1,4,14,15,2,16
"1414",8,11,6,5,7,10,9,12,13,14,4,16,3,2,15,1
"1415",9,8,11,7,5,10,6,12,13,3,2,4,14,15,1,16
"1416",12,9,8,11,7,6,5,10,13,2,3,4,15,16,14,1
"1417",7,9,10,8,13,6,11,12,4,5,15,14,3,16,1,2
"1418",6,10,9,7,3,8,11,5,12,14,13,4,2,15,1,16
"1419",13,10,9,6,7,5,3,12,11,8,4,14,15,2,16,1
"1420",9,8,11,14,10,7,12,6,5,13,4,3,15,2,16,1
"1421",9,6,11,10,13,12,8,5,7,4,14,15,2,3,16,1
"1422",10,9,7,8,12,6,11,13,5,3,4,15,2,14,1,16
"1423",7,11,8,6,10,12,9,5,4,13,3,14,2,15,1,16
"1424",7,13,11,9,8,5,6,12,10,4,15,2,3,14,1,16
"1425",5,11,9,10,7,8,6,13,15,12,14,4,3,1,2,16
"1426",8,12,9,6,5,7,11,10,13,4,14,3,2,15,1,16
"1427",7,10,8,6,11,13,9,12,5,4,3,14,15,2,16,1
"1428",9,8,10,4,11,7,5,6,12,13,14,3,2,16,15,1
"1429",12,10,5,8,7,9,4,6,13,11,14,16,3,15,2,1
"1430",11,9,7,10,8,6,5,12,4,13,1,3,14,15,2,16
"1431",12,6,9,8,11,10,7,5,13,4,14,3,1,15,2,16
"1432",9,11,6,12,10,8,7,5,4,13,14,3,2,15,16,1
"1433",6,5,8,9,10,7,14,11,12,4,13,16,3,15,2,1
"1434",12,7,9,8,6,10,11,5,14,13,4,3,15,16,2,1
"1435",13,9,7,10,6,11,8,5,14,12,2,4,3,16,1,15
"1436",8,7,11,13,4,12,6,5,9,10,14,3,15,2,16,1
"1437",9,10,11,8,7,6,12,13,4,14,5,2,3,15,1,16
"1438",8,9,7,13,5,12,10,11,6,3,4,14,2,15,16,1
"1439",10,11,8,7,9,6,5,12,13,4,14,3,2,15,1,16
"1440",10,8,7,9,13,4,6,11,5,12,2,14,3,15,16,1
"1441",10,11,7,8,12,9,6,5,3,13,4,14,16,1,2,15
"1442",7,10,6,8,9,12,5,11,13,2,15,3,4,14,1,16
"1443",10,9,7,12,8,6,5,11,4,3,13,2,14,15,1,16
"1444",10,7,3,8,6,11,9,16,4,12,5,14,13,2,15,1
"1445",10,11,7,8,3,9,6,12,4,5,13,14,2,16,15,1
"1446",6,7,11,4,10,9,8,12,5,13,14,3,15,16,2,1
"1447",9,10,8,7,6,13,5,11,3,12,4,15,14,2,1,16
"1448",8,10,9,7,6,11,5,4,3,12,13,14,15,2,16,1
"1449",8,5,11,10,12,7,6,13,9,4,3,14,15,2,1,16
"1450",8,5,9,12,6,11,10,7,3,4,14,13,15,2,16,1
"1451",10,5,9,3,7,8,6,11,12,13,4,15,16,14,2,1
"1452",11,8,6,9,5,7,10,12,13,3,14,4,2,16,15,1
"1453",9,8,11,12,7,13,6,10,3,5,4,14,2,16,15,1
"1454",7,6,10,8,9,11,5,4,12,13,14,2,3,15,1,16
"1455",7,8,11,10,12,9,6,5,13,2,4,3,14,15,1,16
"1456",11,9,10,8,7,6,4,5,12,13,3,14,15,2,16,1
"1457",7,10,6,8,9,11,12,5,13,4,14,3,15,2,1,16
"1458",10,11,8,7,9,6,13,12,3,4,5,14,15,2,1,16
"1459",11,7,8,10,6,9,12,3,5,13,14,16,4,1,15,2
"1460",11,9,8,4,10,12,7,5,6,3,15,13,14,16,2,1
"1461",9,8,7,4,10,13,11,5,6,12,3,2,14,15,16,1
"1462",2,9,6,10,7,8,11,5,13,12,14,3,4,15,1,16
"1463",8,9,6,10,7,11,4,5,12,3,13,15,2,14,1,16
"1464",9,11,7,13,8,10,5,2,6,12,15,4,14,3,16,1
"1465",11,10,5,8,6,9,7,12,3,4,14,13,15,16,2,1
"1466",6,7,8,9,10,5,12,4,11,13,14,3,2,15,16,1
"1467",8,10,6,7,14,9,5,11,12,13,3,4,2,15,16,1
"1468",9,13,8,6,11,10,7,12,3,5,4,2,16,15,14,1
"1469",13,6,7,8,9,10,5,12,11,14,3,4,2,15,16,1
"1470",7,9,10,5,12,11,13,8,4,6,14,3,2,16,15,1
"1471",5,10,9,4,8,7,15,6,11,12,13,14,2,3,1,16
"1472",9,10,8,7,4,6,2,5,11,12,13,3,14,1,15,16
"1473",9,10,6,7,8,11,5,12,13,4,3,14,1,15,2,16
"1474",5,6,8,9,11,12,10,7,4,13,14,3,2,15,16,1
"1475",9,4,7,11,12,10,14,8,6,5,13,3,2,15,16,1
"1476",7,9,6,12,8,11,5,10,13,4,14,3,2,15,1,16
"1477",9,7,11,10,8,5,4,6,13,12,14,3,15,2,1,16
"1478",8,7,9,11,10,6,12,5,4,13,14,3,15,2,1,16
"1479",7,8,14,5,10,11,9,2,12,6,13,4,16,3,15,1
"1480",8,5,10,7,9,4,6,11,12,13,14,3,15,2,16,1
"1481",11,10,5,12,9,7,8,6,13,4,14,2,3,16,15,1
"1482",7,9,6,11,8,10,12,5,3,13,15,14,4,2,16,1
"1483",7,6,12,9,10,8,5,11,4,14,13,3,2,15,1,16
"1484",8,9,7,11,5,10,6,12,4,13,14,15,3,2,1,16
"1485",6,10,7,9,12,8,11,14,5,13,4,3,15,2,16,1
"1486",9,11,4,7,6,5,10,12,8,13,14,3,16,2,15,1
"1487",8,10,6,9,5,7,12,11,13,14,4,2,3,15,16,1
"1488",7,6,4,9,10,11,12,5,8,3,13,2,14,15,1,16
"1489",9,10,8,13,6,7,12,11,3,5,14,4,15,2,16,1
"1490",9,8,7,6,10,5,13,11,12,4,3,14,2,15,1,16
"1491",6,9,10,8,5,13,7,4,11,12,14,3,15,2,16,1
"1492",11,7,10,6,4,9,8,5,12,3,13,1,14,16,15,2
"1493",10,13,8,9,5,6,7,11,12,4,14,3,2,15,16,1
"1494",5,10,7,8,6,9,4,11,13,14,12,3,15,2,1,16
"1495",10,14,8,9,7,12,11,13,6,3,5,4,1,16,15,2
"1496",10,7,11,8,9,12,6,13,5,4,14,3,16,15,2,1
"1497",8,7,4,5,11,9,10,6,12,1,14,13,3,2,15,16
"1498",9,8,10,12,5,7,11,4,6,13,3,2,15,14,16,1
"1499",6,11,4,8,9,7,14,12,10,3,5,13,1,2,15,16
"1500",9,7,10,12,8,5,14,11,4,6,13,3,2,15,16,1
